,ListingKey,ListingCreationDate,Occupation,BorrowerRate,IncomeRange
55721,4FB43575593911504778203,2013-04-01 15:15:14.940000000,Other,0.2969,"$25,000-49,999"
36313,B4CF3378182296613326616,2007-01-16 21:03:19.117000000,Social Worker,0.11,Not displayed
32399,E49434583190117142E4BBC,2009-07-28 16:36:12.307000000,Administrative Assistant,0.3399,"$100,000+"
102215,E1933582908021444CC798D,2013-06-20 20:04:39.660000000,Food Service,0.2346,"$25,000-49,999"
33081,357B3556527297111BAB868,2012-09-04 07:03:59.847000000,Clerical,0.3177,"$25,000-49,999"
79225,66DF3569217164514C9D8F9,2013-01-15 13:11:13.050000000,Other,0.2712,"$25,000-49,999"
85860,7D133581868613706001AC8,2013-07-03 05:17:13.730000000,Computer Programmer,0.2346,"$25,000-49,999"
26722,076F3573579750554FAEA06,2013-03-20 15:26:46.877000000,Other,0.2209,"$25,000-49,999"
97750,8812338810764358391B8F5,2007-04-27 09:14:56.877000000,Other,0.2,"$25,000-49,999"
71460,88713576972643688A25D8C,2013-04-12 13:42:43.597000000,Other,0.2736,"$75,000-99,999"
79206,CC6E3553578800336EBC179,2012-07-21 15:29:30.287000000,Clerical,0.0974,"$50,000-74,999"
105589,D3803599124626854E0D2F7,2014-01-14 11:18:22.633000000,,0.2235,"$1-24,999"
59736,55CA356419238688285C9C5,2012-12-10 09:06:55.263000000,Nurse (LPN),0.1153,"$50,000-74,999"
69241,DC7835398044426318CEB15,2012-02-07 12:29:14.137000000,Executive,0.1874,"$100,000+"
56684,B9E6337629278917255B51B,2006-12-14 21:50:40.920000000,Professional,0.2399,Not displayed
109467,F6C73557608136089FD9DC0,2012-09-10 19:42:08.107000000,Military Enlisted,0.1208,"$50,000-74,999"
54517,D8AB3383994808233D3E8FF,2007-03-01 22:40:50.060000000,Student - College Graduate Student,0.18,Not employed
46121,A8CB3518629211176CF3E9F,2011-07-02 00:22:50.860000000,Skilled Labor,0.3199,"$25,000-49,999"
26288,C25835930510710041F8180,2013-10-22 17:03:33.003000000,Skilled Labor,0.162,"$25,000-49,999"
764,0A813530371871579A95070,2011-11-06 13:57:45.243000000,Retail Management,0.1799,"$50,000-74,999"
46480,37DC3405486395077E0753B,2007-11-23 14:32:37.570000000,Other,0.18,"$50,000-74,999"
56638,85E335849228317078B70C2,2013-07-17 17:45:37.503000000,Postal Service,0.1419,"$50,000-74,999"
16321,121935290898505163B5DD0,2011-10-16 07:17:08.483000000,Administrative Assistant,0.3149,"$100,000+"
42214,15013487375957155AF731A,2010-07-01 08:25:03.797000000,Other,0.16,"$25,000-49,999"
53776,FD393482002027884887762,2010-04-20 20:38:27.120000000,Other,0.0765,"$50,000-74,999"
95095,CBE33426384669461FB4AE1,2008-07-14 05:25:51.843000000,Sales - Commission,0.171,"$25,000-49,999"
49417,4F21359201603261780D713,2013-10-15 23:41:38.583000000,Nurse's Aide,0.187,"$25,000-49,999"
84721,94643596537608937538F87,2013-12-13 08:04:15.593000000,Civil Service,0.1765,"$25,000-49,999"
78417,46AA3401331526754C0B902,2007-09-18 21:05:42.547000000,Skilled Labor,0.2088,"$1-24,999"
84623,CC1D35888941530923DA717,2013-09-12 15:46:05.263000000,Professional,0.184,"$50,000-74,999"
2794,29AF3601199546614DCA37E,2014-01-20 19:25:24.257000000,Analyst,0.093,"$75,000-99,999"
27727,B52E3575893188932A7FEEA,2013-04-20 10:18:12.723000000,Tradesman - Mechanic,0.0799,"$50,000-74,999"
28827,5CCC3599533295738872A58,2014-01-08 16:04:50.507000000,Social Worker,0.1465,"$50,000-74,999"
80234,A16F35773345223095E869A,2013-04-16 19:24:39.393000000,Other,0.2019,"$25,000-49,999"
88719,55563402618446501FA82BE,2007-10-11 18:42:27.713000000,Other,0.1627,"$1-24,999"
78244,929235913885828072492CC,2013-10-03 19:54:54.193000000,Teacher,0.2379,"$50,000-74,999"
24533,066434065543295221C8A2D,2007-11-25 05:51:09.657000000,Analyst,0.14,"$50,000-74,999"
52556,B0C833654929465196720BA,2006-07-27 21:47:38.137000000,Other,0.2144,Not displayed
109597,672F34207728016751E01B2,2008-05-22 22:31:07.697000000,Sales - Commission,0.1485,"$25,000-49,999"
31196,2E283602611876890910E96,2014-02-23 14:44:45.597000000,,0.1635,"$50,000-74,999"
46797,ED8B336551892309510C0EB,2006-04-18 06:15:02.620000000,,0.2375,Not displayed
79539,FECD33651229320468DC8A4,2006-06-30 12:10:15.897000000,Engineer - Electrical,0.2875,Not displayed
63462,60B13389272143357CB0CDE,2007-05-25 10:53:42.237000000,Food Service Management,0.2138,"$50,000-74,999"
105635,6C0B34188247555567F4086,2008-04-14 08:29:58.400000000,Computer Programmer,0.198,"$50,000-74,999"
30540,2E603572507357816C768FC,2013-02-22 07:22:35.757000000,Computer Programmer,0.2862,"$50,000-74,999"
2273,3B603604000208599AF6F99,2014-02-22 01:32:07.433000000,Bus Driver,0.1585,"$75,000-99,999"
46191,51A5352212131942538A44F,2011-08-03 13:36:26.997000000,Other,0.139,"$25,000-49,999"
46904,90DD3602502790297DF5324,2014-02-04 13:05:17.720000000,Pilot - Private/Commercial,0.194,"$50,000-74,999"
65914,39603369420327617642CCD,2006-09-16 19:07:09.717000000,Sales - Commission,0.169,Not displayed
9146,5AFF3480965491639BEA0D8,2010-03-30 14:05:51.270000000,Engineer - Mechanical,0.21,"$100,000+"
31773,B4A03589611268908894E41,2013-09-26 08:19:51.577000000,Car Dealer,0.2155,"$75,000-99,999"
58644,DE7F3496175878045D94493,2010-09-23 08:46:09.797000000,Computer Programmer,0.3,"$75,000-99,999"
54437,5A403509022481304B5B341,2011-03-03 12:52:10.867000000,Other,0.2599,"$50,000-74,999"
53539,1C783553452181517E91DFA,2012-07-25 14:02:57.107000000,Fireman,0.2389,"$75,000-99,999"
70711,366835576748773120FDAD6,2012-09-06 11:16:57.047000000,Other,0.1734,"$100,000+"
94063,27F4359358242723296F1C0,2013-11-09 09:23:49.903000000,Tradesman - Plumber,0.1465,"$100,000+"
78829,34DA3510553245215D954D9,2011-03-07 19:30:11.413000000,Other,0.2599,"$50,000-74,999"
4052,056E3488183573707937086,2010-06-30 16:54:36.863000000,Engineer - Mechanical,0.102,"$50,000-74,999"
27902,328335952974325569168FF,2013-11-19 18:13:23.250000000,Civil Service,0.1725,"$75,000-99,999"
20689,EBA73586241423099571015,2013-08-15 14:53:46.690000000,Professional,0.2712,"$75,000-99,999"
72077,40A33593427601073EECE0B,2013-10-26 10:54:07.713000000,Professional,0.1695,"$100,000+"
53058,EFE03538556065912F2C6DF,2012-02-01 20:41:59.087000000,Computer Programmer,0.1449,"$25,000-49,999"
38400,117C3487137111931CB919C,2010-06-25 08:49:28.733000000,Other,0.2511,"$50,000-74,999"
49146,53B4336618280895527232C,2006-05-07 11:29:30.470000000,,0.21,Not displayed
18309,9E70343386859524599B48F,2008-10-03 14:01:50.903000000,Other,0.198,"$25,000-49,999"
11882,A17D3601803330330BBCF49,2014-01-27 15:27:00.727000000,Other,0.1355,"$50,000-74,999"
32089,755F3575156951594E6EBA2,2013-04-13 12:19:04.363000000,Executive,0.1089,"$75,000-99,999"
4847,2BEB3500141355912CC7126,2010-11-17 16:54:25.097000000,Other,0.295,"$25,000-49,999"
113638,D9CD3557325106788C42C98,2012-09-16 10:18:18.263000000,Professional,0.2909,"$50,000-74,999"
82152,3E663550087063824815147,2012-06-08 11:57:41.703000000,Professional,0.1385,"$75,000-99,999"
112183,CF2035404573989699CB62F,2012-03-06 13:43:31.997000000,Truck Driver,0.2452,"$25,000-49,999"
94341,924C3473148066818C5C313,2010-01-22 04:32:55.963000000,Other,0.1875,"$50,000-74,999"
16941,8B063509791920526012E55,2011-03-03 14:27:53.583000000,Professional,0.1799,"$1-24,999"
15488,9D6C3604295719764384DAF,2014-02-22 22:46:33.437000000,Sales - Retail,0.1535,"$25,000-49,999"
1972,54253591475644005A1085D,2013-10-09 15:26:16.583000000,Accountant/CPA,0.1349,"$25,000-49,999"
93617,25AF35861888161591F4A36,2013-07-30 15:09:29.200000000,Other,0.1774,"$25,000-49,999"
43526,3309360036895202437706E,2014-01-09 07:27:37.397000000,Laborer,0.093,"$25,000-49,999"
22602,951F3532037576156492E75,2011-12-01 09:07:16.463000000,Other,0.1744,"$25,000-49,999"
35544,8840355636936570579FAEA,2012-08-29 12:20:21.657000000,Other,0.2099,"$75,000-99,999"
72799,3CD335194643116011267FF,2011-06-24 11:30:30.487000000,Administrative Assistant,0.3099,"$25,000-49,999"
93778,BBBD3583217664337D406A7,2013-07-06 12:31:02.510000000,Food Service,0.1299,"$25,000-49,999"
67979,B78635767697403680EAE80,2013-04-27 07:43:47.413000000,Other,0.2099,"$1-24,999"
105487,BCB735567982844897239D8,2012-08-22 18:58:45.743000000,Other,0.1028,"$75,000-99,999"
106098,103833784659606072D276E,2007-01-12 22:26:27.737000000,Doctor,0.12,Not displayed
54452,591C359525736427461CF31,2013-11-25 11:41:17.630000000,Sales - Commission,0.1435,"$50,000-74,999"
95648,750B3596607158724C5AEBF,2013-11-25 17:59:27.710000000,Professional,0.0659,"$100,000+"
102066,D3F43593318727193893134,2013-11-02 04:06:13.410000000,Computer Programmer,0.1585,"$100,000+"
38130,DB4C35339806517906FB299,2011-12-23 18:10:49.600000000,Professional,0.1154,"$100,000+"
34499,AC1B35860793899104C0DC3,2013-08-15 09:22:25.313000000,Administrative Assistant,0.3134,"$25,000-49,999"
26206,A81C3526185862294501B24,2011-09-22 20:14:57.510000000,Other,0.3199,"$1-24,999"
22959,1A723549894729864B0D458,2012-06-04 20:14:43.240000000,Nurse (RN),0.0964,"$50,000-74,999"
9937,045635735436610735C7EC8,2013-03-25 19:55:39.393000000,Professional,0.1734,"$50,000-74,999"
16381,CCA63556960656788AC9667,2012-09-14 15:29:33.877000000,Professional,0.0839,"$75,000-99,999"
104361,1049355739191270509AEE8,2012-09-12 13:25:19.277000000,Executive,0.2324,"$100,000+"
68187,C1063554408499470C4BAB0,2012-08-19 05:32:10.750000000,Other,0.0586,"$100,000+"
18533,AEB536031987097203AE05C,2014-03-06 07:45:21.730000000,Other,0.28,"$25,000-49,999"
52513,6964355913093030281ED19,2012-10-05 10:37:45.487000000,Sales - Retail,0.3177,"$25,000-49,999"
104600,C7A135511625511782C4150,2012-06-26 16:26:58.517000000,Computer Programmer,0.0964,"$75,000-99,999"
30095,32B63424752614594CFD632,2008-06-20 22:50:02.107000000,Food Service Management,0.35,"$25,000-49,999"
54468,21513479295146204282A40,2010-03-26 15:29:02.897000000,Psychologist,0.19,"$50,000-74,999"
99736,C2343563123704421FC5C7A,2012-11-09 11:21:36.763000000,Sales - Commission,0.1101,"$100,000+"
72318,7C333384443834927B371CD,2007-03-23 10:34:02.820000000,Psychologist,0.13,"$50,000-74,999"
33471,AF673543225853586A4FFF8,2012-03-23 13:56:45.203000000,Doctor,0.3177,"$100,000+"
58338,0AD03598486911876E6E7A0,2014-01-09 15:57:02.653000000,Professional,0.15,"$75,000-99,999"
43103,3C5A350356831610501AB66,2010-12-21 22:09:55.383000000,Analyst,0.111,"$50,000-74,999"
112970,E4E93467954797625657D82,2009-11-05 07:41:21.437000000,Professional,0.35,"$50,000-74,999"
24146,F9A23556947225516B4464F,2012-08-28 19:30:46.987000000,Engineer - Electrical,0.0749,"$50,000-74,999"
59671,BDF33411559430866635F56,2008-01-21 11:56:01.400000000,Other,0.15,"$25,000-49,999"
76174,C30E3419144720023FB76CC,2008-04-19 19:00:33.223000000,Other,0.155,"$25,000-49,999"
92105,A91D3589243234520760DB3,2013-09-15 10:44:29.550000000,Civil Service,0.1249,"$50,000-74,999"
71141,8AB735869339432282B9927,2013-08-24 23:02:37.187000000,Executive,0.152,"$100,000+"
25092,BF783479125889537F40A65,2010-04-01 11:23:19.497000000,Police Officer/Correction Officer,0.345,"$50,000-74,999"
75892,D7F235824467030880786A0,2013-06-27 15:48:57.953000000,Other,0.1334,"$50,000-74,999"
13183,8D8B3399046951610A10FA6,2007-09-16 08:53:52.347000000,Other,0.15,"$1-24,999"
61711,79333542780362755CB3091,2012-03-19 13:43:37.517000000,Other,0.1845,"$50,000-74,999"
15931,19DA34156870604089A572B,2008-03-08 06:49:40.117000000,Other,0.142,"$25,000-49,999"
14227,CBA63512405644262E26729,2011-04-05 11:01:56.060000000,Retail Management,0.2899,"$25,000-49,999"
102311,C05A3591018418615B42883,2013-10-17 08:03:20.640000000,Executive,0.1585,"$100,000+"
48873,1B0A3584087393771C08E6C,2013-07-12 19:46:43.550000000,Professional,0.1219,"$50,000-74,999"
112016,CD14353629848103554A8FA,2012-01-14 10:11:38.957000000,Other,0.3058,"$50,000-74,999"
104022,63E035963023917693AA395,2013-11-30 16:18:54.920000000,,0.2474,"$1-24,999"
104606,90213397620677457B5ADE0,2007-08-21 21:06:08.560000000,Professional,0.1998,"$50,000-74,999"
83917,DF08354653988097178257E,2012-04-30 11:33:12.197000000,Food Service Management,0.1897,"$25,000-49,999"
113427,D70A35546065166826479C9,2012-07-31 15:01:21.750000000,Laborer,0.1852,"$100,000+"
109946,F8A734912217552661870E8,2010-07-29 16:46:03.163000000,Nurse (RN),0.108,"$75,000-99,999"
7538,09AD35918712001025AC1BD,2013-10-24 13:21:31.607000000,Other,0.1685,"$100,000+"
82682,3DE53595736813074FF577C,2013-12-06 07:03:22.853000000,Medical Technician,0.099,"$50,000-74,999"
42345,01003391568381760807F02,2007-06-08 08:37:05.733000000,Attorney,0.24,"$50,000-74,999"
9667,9C3A3382838218763FD29CD,2007-02-21 12:33:01.657000000,Other,0.118,"$75,000-99,999"
104287,8F103580545642559A83AA0,2013-05-28 08:33:33.083000000,Nurse (LPN),0.2209,"$25,000-49,999"
71211,3B9B35207168791220137C6,2011-07-19 05:42:02.450000000,Food Service,0.2699,"$25,000-49,999"
53858,74F13599404954589475256,2013-12-30 15:24:22.277000000,Executive,0.0659,"$100,000+"
37344,C75434230297800314FEC1D,2008-05-28 16:57:33.993000000,Social Worker,0.0845,"$50,000-74,999"
77327,46BF34792961199895B3EE8,2010-03-16 15:42:19.270000000,Skilled Labor,0.2625,"$25,000-49,999"
48025,E5E33598758553115B6730C,2014-01-13 09:51:33.577000000,Other,0.1039,"$25,000-49,999"
19658,65233519510959796EA42B2,2011-06-29 17:34:34.813000000,Professional,0.0649,"$75,000-99,999"
16573,377735361035058880ECAA1,2012-01-13 10:44:22.150000000,Professional,0.0999,"$50,000-74,999"
9875,1607359878707874427C91E,2014-01-08 21:54:03.970000000,Engineer - Mechanical,0.1795,"$100,000+"
111219,D0543535071477813273210,2011-12-27 08:23:44.730000000,Police Officer/Correction Officer,0.0804,"$100,000+"
74799,9A5D35995284937536DBCE8,2014-01-17 10:23:15.003000000,Military Enlisted,0.1465,"$75,000-99,999"
77522,471B3535459934222696982,2011-12-30 12:06:45.727000000,Other,0.3073,"$25,000-49,999"
43660,DC1F35312644643324C6F70,2011-11-06 16:38:46.270000000,Administrative Assistant,0.2574,"$25,000-49,999"
44429,E34F35533100142583CC414,2012-07-23 15:00:35.910000000,Other,0.1299,"$50,000-74,999"
74948,E9B73598454054525163BBF,2014-01-06 05:48:16.320000000,Retail Management,0.14,"$100,000+"
82184,3B5C357723384887269315C,2013-04-29 11:21:15.847000000,Truck Driver,0.0799,"$25,000-49,999"
55678,9C17358886784696522105F,2013-08-30 11:41:31.157000000,Other,0.2359,"$75,000-99,999"
12060,CA443470989420399D066CB,2009-12-14 08:12:20.737000000,Executive,0.2108,"$75,000-99,999"
15609,872A34039544682169468A1,2007-10-26 09:18:29.730000000,Clerical,0.1815,"$25,000-49,999"
39418,EEEA3406747409962CDCCEE,2007-11-20 19:26:24.307000000,Other,0.13,$0
93679,E54134204932122165BB272,2008-05-09 13:54:18.340000000,Religious,0.0638,"$50,000-74,999"
66460,71F935964414143432F6594,2013-11-30 11:09:57.990000000,Pharmacist,0.2235,"$100,000+"
54792,75A8359198935280071966D,2013-10-21 19:44:20.033000000,Truck Driver,0.1695,"$25,000-49,999"
68602,E9E43392234321224CFEF2F,2007-06-06 07:05:58.543000000,Professional,0.27,"$100,000+"
53135,B6BA33937099939671E90EE,2007-06-27 08:04:34.263000000,Medical Technician,0.1939,"$25,000-49,999"
48403,AEC43523915074472A595DD,2011-08-19 20:05:37.423000000,Laborer,0.3199,"$1-24,999"
82570,BC0535166291702577E6096,2011-05-27 09:22:43.763000000,Engineer - Mechanical,0.1899,"$75,000-99,999"
60359,553D34956960173380C8B05,2010-09-21 20:30:39.977000000,Laborer,0.187,"$25,000-49,999"
95814,4FE73503491061435A06F48,2010-12-16 07:35:30.623000000,Military Enlisted,0.07,"$50,000-74,999"
27658,B442357692178456454BB27,2013-04-16 17:40:20.427000000,Other,0.2809,"$25,000-49,999"
34849,3E6A35866326526779E824C,2013-08-06 04:49:57.583000000,Teacher,0.2672,"$25,000-49,999"
79152,FBB13592177858275471221,2013-10-12 14:03:25.837000000,Student - College Sophomore,0.2849,"$1-24,999"
111616,2AEA3595108763215A9F93A,2013-11-14 13:49:29.473000000,Other,0.231,"$50,000-74,999"
55104,BD9335910112976028271D0,2013-10-09 19:02:28.670000000,Other,0.198,"$25,000-49,999"
38735,905633898258748355BDFA6,2007-05-14 15:18:11.407000000,Computer Programmer,0.21,"$25,000-49,999"
22328,A5813379537364431B67A4D,2007-01-31 10:43:34.637000000,Other,0.17,Not displayed
9969,14F333723423125769FC6A3,2006-10-20 09:07:41.530000000,Other,0.08,Not displayed
14870,9C2C3536346579827C0CBE0,2012-01-15 16:37:48.150000000,Other,0.3177,"$1-24,999"
102561,79C63432381314092CEB599,2008-09-17 08:30:17.810000000,Teacher,0.21,"$25,000-49,999"
74865,87D73465339414054F16C81,2009-10-03 07:20:43.947000000,Professional,0.114,"$75,000-99,999"
100680,F53334084720576006DB8EC,2008-01-02 14:27:18.157000000,Professional,0.099,"$100,000+"
65722,051B3596554417284DAA0D0,2013-12-03 17:21:28.133000000,Clerical,0.1465,"$25,000-49,999"
52680,F50E3386536732697C1AF56,2007-04-24 10:15:40.150000000,Pharmacist,0.1925,"$100,000+"
77719,AE37360245597123481D657,2014-02-11 13:58:18.617000000,Social Worker,0.194,"$25,000-49,999"
83835,4EB7353817972852160CC74,2012-02-07 07:33:09.367000000,Other,0.1449,"$50,000-74,999"
107827,21C93573885603864D39229,2013-03-27 10:38:15.137000000,Laborer,0.1559,"$25,000-49,999"
98013,6F873392396840126324AB7,2007-06-14 05:46:10.500000000,Professional,0.1295,"$100,000+"
1303,0AAE34744419376666510AD,2010-01-21 16:52:58.557000000,Retail Management,0.31,"$50,000-74,999"
108180,F0C13421184246714EC3837,2008-05-16 12:46:40.237000000,Computer Programmer,0.22,"$75,000-99,999"
65119,B33E3413965433065A44E42,2008-03-06 11:51:13.243000000,Professional,0.179,"$75,000-99,999"
98017,6F9F33698700206059937F2,2006-09-30 08:36:21.677000000,Other,0.09,Not displayed
14011,47F834061908847490688A2,2007-11-25 17:37:51.860000000,Sales - Commission,0.35,"$50,000-74,999"
75217,C13F35990005169776AE9AF,2013-12-23 15:02:05.057000000,Truck Driver,0.1099,"$50,000-74,999"
79469,93B53395506946026E803D1,2007-07-25 21:12:37.943000000,Other,0.1667,"$25,000-49,999"
14581,FA833594045922141DD926B,2013-10-31 08:15:48,Other,0.1399,"$75,000-99,999"
8785,E46F35207047276614EFDAB,2011-07-20 18:48:11.050000000,Teacher,0.1799,"$100,000+"
77740,56CC3602226997713AE3406,2014-02-06 15:56:32.177000000,Nurse (RN),0.2304,"$50,000-74,999"
95537,2B483365895053639043BEC,2006-06-28 08:19:01.947000000,Police Officer/Correction Officer,0.1275,Not displayed
28019,62773542943783577898858,2012-03-28 11:02:14.760000000,Other,0.0899,"$100,000+"
56328,214F3602897686479554D4D,2014-02-09 11:40:56.593000000,Professional,0.162,"$100,000+"
45577,A36B35982869943576298A1,2013-12-27 12:25:44.647000000,Executive,0.2394,"$100,000+"
56909,1FBF35585930366155F963A,2012-09-26 13:40:42.497000000,Other,0.3177,"$75,000-99,999"
109922,26E33529217244139822E33,2011-10-19 07:24:33.790000000,Professional,0.3149,"$100,000+"
74104,D6833597713996822E4C1A5,2013-12-16 08:11:14.167000000,Other,0.2624,"$25,000-49,999"
24543,660735132726998275FAF4C,2011-04-21 10:14:22.453000000,Police Officer/Correction Officer,0.2899,"$25,000-49,999"
104625,0F233559663688576D2232B,2012-10-04 10:12:40.297000000,Civil Service,0.2498,"$75,000-99,999"
43622,A0433555223292781169BAA,2012-08-27 13:15:29.860000000,Other,0.0974,"$75,000-99,999"
83957,5931354933010275618F30C,2012-06-12 20:15:29.643000000,Professional,0.101,"$25,000-49,999"
110426,B3163425190303560DD08AD,2008-07-01 21:49:07.080000000,Skilled Labor,0.35,"$25,000-49,999"
68062,CA7F3496766546979EE0EB2,2010-10-04 20:47:49.293000000,Other,0.275,"$75,000-99,999"
34579,F90B35214391799973B0EE1,2011-07-22 09:24:04.827000000,Other,0.3049,"$50,000-74,999"
40272,13553568317023658D92705,2013-01-08 16:29:43.170000000,Teacher,0.1414,"$50,000-74,999"
97969,5E3F3590065251984AD3231,2013-09-14 18:50:05.610000000,Other,0.1159,"$50,000-74,999"
23611,04B535930506647566E56D1,2013-11-03 19:15:07.980000000,Civil Service,0.1399,"$25,000-49,999"
100268,DD343584932342877A33A9F,2013-07-15 07:27:15.177000000,Administrative Assistant,0.1519,"$50,000-74,999"
81399,56FA35592023789038879DD,2012-10-05 07:10:07.910000000,Medical Technician,0.2492,"$25,000-49,999"
86649,BA4235809842398669CCE85,2013-06-16 04:37:53.550000000,Engineer - Electrical,0.1639,"$75,000-99,999"
86442,3F0F3386628748337636303,2007-04-14 18:37:16.690000000,Doctor,0.095,"$25,000-49,999"
39338,925F3572989407863186D6A,2013-03-15 08:47:31.333000000,Other,0.1519,"$50,000-74,999"
36686,990E35896791683073FD8E3,2013-09-22 09:22:57.540000000,Professional,0.2769,"$75,000-99,999"
105019,8B7135342897478368A32B5,2011-12-27 09:58:02.530000000,Other,0.2511,"$1-24,999"
57908,1C0534170290988433D65F0,2008-04-11 10:53:02.737000000,Military Enlisted,0.1342,"$25,000-49,999"
107077,14B83493083249890C31585,2010-08-24 07:11:25.167000000,Other,0.21,"$25,000-49,999"
56095,F84B3579138131768811ABD,2013-05-15 13:00:43.597000000,Attorney,0.2179,"$25,000-49,999"
15231,CDED342903757563124CC12,2008-08-20 10:18:49.440000000,Professional,0.132,"$25,000-49,999"
67557,DA1435925701187843FCEEE,2013-10-29 19:38:35.377000000,,0.1485,"$1-24,999"
45525,D92C3375239666372F8BEC9,2006-11-26 14:45:46.223000000,Computer Programmer,0.23,Not displayed
56528,19003469514961452E1F84C,2009-11-25 22:10:22.293000000,Retail Management,0.15,"$25,000-49,999"
52025,F0093594935270950E80707,2013-11-20 14:02:00.773000000,Accountant/CPA,0.285,"$100,000+"
38232,907C3578196329644852D54,2013-04-29 11:53:10.283000000,Professional,0.3134,"$25,000-49,999"
86380,7F5233738332592061C8545,2006-11-27 10:17:17.260000000,Other,0.27,Not displayed
71558,88D035363291414994AEFF1,2012-01-07 10:36:15.227000000,Psychologist,0.2737,"$75,000-99,999"
28832,67AB342899597014336F4BE,2008-08-26 17:14:23.553000000,Computer Programmer,0.069,"$75,000-99,999"
29662,342435798656333781B76D6,2013-06-08 15:50:04.637000000,Professional,0.2419,"$100,000+"
101528,D20835185447079945E3453,2011-06-29 08:01:14.500000000,Scientist,0.1799,"$50,000-74,999"
14685,11AF33798119698060ABC12,2007-01-21 21:30:48.980000000,Food Service,0.22,Not displayed
811,46B53596376130207447016,2013-12-16 06:05:51.013000000,Other,0.2624,"$50,000-74,999"
27375,BC663563050918517A3195A,2012-11-15 16:56:48.653000000,Other,0.1089,"$75,000-99,999"
72184,F8F63528315191916411E4F,2011-09-29 14:45:59.250000000,Food Service,0.1799,"$25,000-49,999"
13467,0F5A3597329181257C53E8A,2013-12-11 06:16:12.523000000,Tradesman - Mechanic,0.194,"$75,000-99,999"
10434,040B358568926429863280F,2013-08-08 08:15:04.543000000,Military Officer,0.1819,"$100,000+"
93157,AA7433818806624264EF804,2007-02-20 15:59:33.503000000,Other,0.169,"$25,000-49,999"
13752,06FF360329718071690F923,2014-02-23 10:06:20.157000000,Police Officer/Correction Officer,0.203,"$75,000-99,999"
77088,F6493600744477548FC1963,2014-01-21 12:58:05.643000000,Administrative Assistant,0.15,"$50,000-74,999"
789,011735172129092481748A3,2011-06-08 08:59:45.023000000,Engineer - Mechanical,0.3199,"$50,000-74,999"
22466,A27B359224947415385AE7D,2013-10-23 09:06:53.027000000,Analyst,0.1199,"$50,000-74,999"
93372,B10235900932055196EA4C8,2013-09-14 18:24:29.797000000,Nurse's Aide,0.2015,"$25,000-49,999"
93588,AB4534174369229730EF62D,2008-03-25 12:32:13.700000000,Construction,0.141,"$50,000-74,999"
27995,32AE3583500839151F48B73,2013-07-01 22:04:47.237000000,Sales - Commission,0.2346,"$25,000-49,999"
102959,0CC63602622024661BDDC57,2014-02-08 08:09:36.477000000,Professional,0.21,"$50,000-74,999"
58694,F5F135258277637663F5055,2011-09-19 12:25:32.440000000,Other,0.2699,"$25,000-49,999"
106424,645C359720240321266C76E,2013-12-24 11:52:04.027000000,Analyst,0.1039,"$50,000-74,999"
35064,02D23391070815339FF7183,2007-06-08 08:03:51.590000000,Professional,0.29,"$50,000-74,999"
112248,C2903524535310774427D75,2011-08-15 16:48:49.193000000,Engineer - Mechanical,0.1899,"$75,000-99,999"
70374,9908339236606765783F4BB,2007-06-18 06:44:52.410000000,Laborer,0.1872,"$25,000-49,999"
18465,B9653585673546585E0779C,2013-08-13 12:12:34.013000000,Food Service Management,0.1459,"$50,000-74,999"
112722,C54335976941340647BBAD5,2013-12-17 19:18:40.210000000,Other,0.14,"$25,000-49,999"
70506,DF9E355710260543178DDAF,2012-09-05 19:28:26.423000000,Other,0.2124,"$50,000-74,999"
16492,13A5343002608823113025D,2008-08-17 19:40:50.897000000,Clerical,0.18,"$25,000-49,999"
19713,8CE33578018560859DFBFC2,2013-05-20 05:52:56.937000000,Computer Programmer,0.2179,"$100,000+"
95290,68CD3578503215639441E24,2013-05-23 07:11:13.077000000,Police Officer/Correction Officer,0.1334,"$75,000-99,999"
104105,ACCC35999549300166D842E,2014-01-03 14:01:08.763000000,Administrative Assistant,0.0809,"$75,000-99,999"
9370,9B993592047360833435528,2013-10-16 08:10:53.103000000,,0.155,"$50,000-74,999"
42185,8D28342596686058992F402,2008-07-09 00:04:58.110000000,Professional,0.1683,"$50,000-74,999"
23573,6CDB358038149209551526F,2013-06-03 08:23:58.567000000,Other,0.1509,"$25,000-49,999"
30190,32F23364795497000E09045,2006-06-22 20:33:31.643000000,,0.14,Not displayed
7745,4F1535111860114378AABD7,2011-03-25 17:52:56.057000000,Skilled Labor,0.2399,"$25,000-49,999"
70829,EAB13574465158959A59935,2013-03-30 14:56:31.587000000,Accountant/CPA,0.1579,"$50,000-74,999"
1940,0BE13593789857162AD907F,2013-11-14 12:54:50.463000000,Other,0.2155,"$50,000-74,999"
20303,02D83418245183695BBDF5E,2008-04-16 14:28:13.973000000,Administrative Assistant,0.35,"$25,000-49,999"
33897,38FA35895963904662F0D7F,2013-09-23 15:27:01.227000000,Skilled Labor,0.162,"$75,000-99,999"
110357,27D8351479810586767FCA0,2011-05-02 16:10:44.830000000,Teacher,0.3199,"$25,000-49,999"
31307,3A993523367371661DB24B7,2011-08-10 08:01:17.037000000,Administrative Assistant,0.1129,"$25,000-49,999"
13760,84653372680304230B4B7AF,2006-11-09 19:43:19.307000000,Other,0.164,Not displayed
102373,57FD3483658403624F19618,2010-05-04 09:31:56.347000000,Police Officer/Correction Officer,0.199,"$50,000-74,999"
18387,AAE53583701342213ADEF16,2013-07-18 14:52:41.437000000,Other,0.2272,"$25,000-49,999"
5346,5A193569906205648A591BF,2013-01-31 16:35:40.203000000,Other,0.2226,"$25,000-49,999"
104712,969D359807713431072B2DC,2013-12-30 12:13:43.670000000,Nurse (RN),0.2394,"$50,000-74,999"
58559,FAE43488644790706D964DC,2010-07-02 14:05:18.523000000,Sales - Commission,0.35,"$50,000-74,999"
37570,8F973527738369845ACC95F,2011-09-28 19:00:00.410000000,Engineer - Chemical,0.1129,"$75,000-99,999"
52389,575E3496103514546E8DE51,2010-10-13 14:32:09.640000000,Administrative Assistant,0.1515,"$25,000-49,999"
110048,26E935925651408467391BD,2013-10-18 03:03:36.490000000,,0.18,"$25,000-49,999"
52253,A8C13593376851986252EA1,2013-11-09 17:37:43.953000000,Construction,0.231,"$25,000-49,999"
37448,51B234181088613045C1FA6,2008-04-22 16:45:31.433000000,Professional,0.231,"$25,000-49,999"
48563,526A3593508638213CDF123,2013-10-29 08:36:48.563000000,Religious,0.2549,"$25,000-49,999"
62704,B2763365650577765582F26,2006-05-02 07:34:48.270000000,,0.15,Not displayed
76100,F85A35736652524306ABF37,2013-03-28 14:24:37.787000000,Teacher,0.1519,"$50,000-74,999"
5862,0FE6340910094497922EBF1,2007-12-24 15:43:40.230000000,Other,0.1985,"$50,000-74,999"
1139,2E5D35474701142862CBD9F,2012-05-11 05:25:24.337000000,Sales - Retail,0.1768,"$25,000-49,999"
33601,71383414479748727AB82F9,2008-03-06 11:59:29.897000000,Sales - Commission,0.191,"$25,000-49,999"
83833,DEFF35127515183380A8D00,2011-04-06 23:24:06.743000000,Food Service Management,0.1699,"$25,000-49,999"
21924,B85B34038493862756B3B2E,2007-10-31 09:36:06.673000000,Retail Management,0.18,"$25,000-49,999"
79399,9A1C35858341421683D044E,2013-08-02 06:22:01.440000000,Professional,0.1599,"$25,000-49,999"
27768,7ABF35421233329589DD231,2012-03-20 19:12:38.870000000,Sales - Retail,0.287,"$1-24,999"
21767,AE6F33981056268552E044E,2007-08-20 16:30:06.173000000,Other,0.29,"$1-24,999"
74357,F1F733871501023965C4FA9,2007-05-01 12:11:41.417000000,Teacher,0.21,"$50,000-74,999"
107069,96E63393133873456D9C473,2007-06-20 07:55:41.567000000,Executive,0.13,"$100,000+"
47151,192335400624232303F330C,2012-02-21 12:05:00.257000000,Clerical,0.3177,"$25,000-49,999"
50445,E8543534864775166330E55,2011-12-21 09:48:05.850000000,Social Worker,0.1621,"$25,000-49,999"
60188,A6803387272359457025DD3,2007-04-23 17:44:33.920000000,Other,0.24,"$25,000-49,999"
74190,9100343170888168164A784,2008-09-21 18:45:15.397000000,Professional,0.131,"$25,000-49,999"
33017,842F358636176703951BCAC,2013-08-03 15:38:50.320000000,Other,0.1509,"$100,000+"
2940,504233771171678244B34DD,2007-01-02 14:16:57.853000000,Other,0.134,Not displayed
105359,B40A352700467772183FC0A,2011-10-06 08:32:31.633000000,Professional,0.139,"$75,000-99,999"
62374,E2213595093993461930DFD,2013-11-11 09:36:06.390000000,Sales - Commission,0.105,"$50,000-74,999"
84277,CBDE35509558739994D8D71,2012-06-20 13:49:38.210000000,Skilled Labor,0.2148,"$1-24,999"
96504,EB02350728624311321E83C,2011-02-03 17:50:51.057000000,Engineer - Electrical,0.2399,"$50,000-74,999"
39149,C00D3553191368844AEA22D,2012-08-02 11:02:46.730000000,Computer Programmer,0.0839,"$75,000-99,999"
37259,4F6A35054823658422D4FAD,2011-01-14 08:15:56.373000000,Professional,0.0849,"$75,000-99,999"
62974,FAFC35913927199650F8393,2013-09-26 21:34:05.277000000,Executive,0.176,"$50,000-74,999"
90150,45C23430454882729EE57D3,2008-09-03 20:35:00.737000000,Analyst,0.35,"$25,000-49,999"
98403,270235114569658420798C0,2011-04-06 05:30:46.790000000,Skilled Labor,0.3199,"$25,000-49,999"
113852,DF3C3406824052891A52169,2007-12-03 12:17:07.077000000,Clergy,0.1065,"$1-24,999"
49511,63633472348080701E2D9B7,2009-12-22 06:09:07.543000000,Tradesman - Electrician,0.0835,"$50,000-74,999"
53204,5C6135353610119361DDD22,2012-01-09 19:00:47.633000000,Truck Driver,0.2049,"$25,000-49,999"
30267,6A8D3513644148380300425,2011-04-18 10:31:37.820000000,Engineer - Electrical,0.2599,"$75,000-99,999"
63261,2EEF3595846061404525310,2013-11-18 06:57:51.093000000,Other,0.1159,"$100,000+"
8396,9EE6359152161148066AD2F,2013-10-02 07:36:41.487000000,Civil Service,0.162,"$75,000-99,999"
3504,8648353480565111154C52A,2011-12-27 11:42:19.533000000,Retail Management,0.1559,"$50,000-74,999"
36128,786C340645225418399DB88,2007-12-07 16:33:27.757000000,Other,0.1825,"$100,000+"
19510,AA3F34929041040690098F8,2010-08-31 13:39:00.440000000,Executive,0.0825,"$100,000+"
68949,A30E35891335235231EFD31,2013-09-21 16:07:08.643000000,Teacher,0.2549,"$50,000-74,999"
85995,EF85359589955579385F39D,2013-12-03 16:51:19.800000000,Administrative Assistant,0.0769,"$25,000-49,999"
35265,85843583835817601DB28B5,2013-07-05 12:27:28.093000000,Other,0.2359,"$25,000-49,999"
36729,536533656782143314975D3,2006-06-26 23:53:50.653000000,,0.2075,Not displayed
3619,0E5E35934293917668E4984,2013-10-24 15:33:55.040000000,Administrative Assistant,0.231,"$25,000-49,999"
65411,AB7A35984124355210B6DFA,2014-01-07 10:57:09.133000000,Accountant/CPA,0.1189,"$100,000+"
27352,7D253429925843784802251,2008-09-06 17:59:20.467000000,Other,0.1864,"$25,000-49,999"
65709,D6F53590944149196695EBE,2013-10-15 15:22:34.153000000,Other,0.2045,"$100,000+"
74211,AAA13602506395463679664,2014-02-09 08:29:51.643000000,Tradesman - Electrician,0.162,"$75,000-99,999"
9964,14C83516149518272F074B8,2011-05-19 14:34:16.847000000,Professional,0.1029,"$75,000-99,999"
42413,3218359589621509105D56A,2013-11-20 15:01:32.503000000,Skilled Labor,0.2925,"$75,000-99,999"
16012,12BF359384888466728520E,2013-11-04 16:24:28.787000000,Analyst,0.2155,"$25,000-49,999"
92451,B4E333930374217646C3373,2007-07-06 19:35:20.270000000,Accountant/CPA,0.0489,"$50,000-74,999"
91638,60063537781466207E3EC8D,2012-01-23 15:25:14.847000000,Waiter/Waitress,0.3099,"$25,000-49,999"
48510,3AD335637509479167CF406,2012-11-29 15:06:58.743000000,Food Service Management,0.1299,"$25,000-49,999"
45075,A24F3589249210508321E47,2013-09-12 11:08:07.580000000,Administrative Assistant,0.1585,"$25,000-49,999"
102751,0D2A3422920978808B415AC,2008-05-26 20:06:43.277000000,Accountant/CPA,0.1395,"$75,000-99,999"
82619,EA9A3390066111419DF7D17,2007-05-27 12:37:38.413000000,Professional,0.1555,"$50,000-74,999"
649,3CC035957723511842C5EB2,2013-12-05 04:54:03.697000000,,0.1189,"$100,000+"
19515,AB76348332469596902A256,2010-04-28 19:10:02.570000000,Other,0.199,"$50,000-74,999"
71604,78F335984145661975A4122,2014-01-02 07:54:00.603000000,Sales - Commission,0.194,"$75,000-99,999"
29347,174936033656245940B2754,2014-02-24 07:15:33.117000000,Executive,0.179,"$75,000-99,999"
79724,1C8935418500641531BA962,2012-03-10 22:07:56.973000000,Nurse (LPN),0.3177,"$25,000-49,999"
87026,DB6A35949163911462423E1,2013-11-30 13:40:07.347000000,Administrative Assistant,0.285,"$50,000-74,999"
62236,7A643562846956159176E6D,2012-11-09 14:04:29.667000000,Bus Driver,0.0839,"$50,000-74,999"
96154,BABE3572166896283918C8D,2013-02-28 04:46:52.877000000,Professional,0.1474,"$75,000-99,999"
56161,97CF3596540339003966357,2013-12-07 14:57:40.597000000,Laborer,0.184,"$50,000-74,999"
41525,15D9348525212837219A8DB,2010-05-31 09:34:46.467000000,Other,0.35,"$50,000-74,999"
69874,08183602188432446C17246,2014-02-18 09:02:35.173000000,Executive,0.194,"$75,000-99,999"
81365,EDF435969234353111A78EE,2013-12-20 14:47:36.157000000,Other,0.1435,"$25,000-49,999"
6331,30E73477967521420B48181,2010-03-12 11:18:17.957000000,Executive,0.1805,"$75,000-99,999"
18524,018935377028630370076FB,2012-01-25 13:33:39.477000000,Scientist,0.3177,"$25,000-49,999"
84947,3FA4350870962252815A0F6,2011-02-17 23:03:35.450000000,Professional,0.0499,"$100,000+"
6455,A2B635953573755247CD575,2013-11-26 19:16:02.233000000,Administrative Assistant,0.1314,"$25,000-49,999"
77345,F6153374425737114B4F9E8,2006-11-23 05:42:35.683000000,Civil Service,0.1053,Not displayed
93842,E681343381914532848B437,2008-09-30 08:12:55.050000000,Other,0.0705,"$100,000+"
85316,E4543575158104104866B3F,2013-03-23 09:00:47.313000000,Engineer - Electrical,0.1914,"$75,000-99,999"
27603,6FBD3600603147280461125,2014-01-10 19:05:03.530000000,Other,0.1465,"$25,000-49,999"
39112,43BD3569930296314647E4F,2013-02-09 02:04:02.933000000,Medical Technician,0.2932,"$25,000-49,999"
35177,934D35531347876865A233E,2012-07-16 16:21:43.337000000,Sales - Retail,0.2085,"$25,000-49,999"
106693,C37136028544319838BC61F,2014-02-28 20:29:30.937000000,Clerical,0.1535,"$25,000-49,999"
49611,6FFE3417669985514EE888A,2008-04-06 18:02:46.697000000,Nurse (RN),0.2521,"$1-24,999"
14733,B71D3592000534427E76F53,2013-10-21 15:18:05.307000000,Food Service Management,0.2769,"$25,000-49,999"
23191,6033356572132517378AC28,2012-12-27 09:37:14.253000000,Other,0.2962,"$25,000-49,999"
10468,0CF934250748656606A87F8,2008-06-24 10:35:46.877000000,Scientist,0.0909,"$1-24,999"
92976,F16A3531980471921C190EE,2011-11-16 14:24:47.067000000,Professional,0.2561,"$75,000-99,999"
24995,BF243382745187860DEF058,2007-02-15 19:46:25.513000000,Other,0.29,"$25,000-49,999"
46745,4E7C3501674462879C8B7C5,2010-12-08 13:07:34.403000000,Other,0.23,"$1-24,999"
3011,8E0B35456685495613EFEE3,2012-05-04 15:45:42.427000000,Professional,0.3177,"$100,000+"
99382,3A5A36018298184078EF4E4,2014-02-08 17:08:17.970000000,Computer Programmer,0.0716,"$100,000+"
35455,5D1834099014297024650AA,2007-12-30 21:25:13.467000000,Other,0.35,"$50,000-74,999"
15298,6985358123654219173C2A8,2013-06-20 09:50:35.307000000,Professional,0.1474,"$75,000-99,999"
72885,74EB355591166670058DFCA,2012-08-18 18:36:38.143000000,Computer Programmer,0.1734,"$75,000-99,999"
97908,87AD35970227896230AC61C,2013-12-17 05:45:18.677000000,,0.2235,"$25,000-49,999"
19650,58AB35991448152061B87FF,2014-01-15 10:06:25.217000000,Professional,0.1875,"$50,000-74,999"
22477,C9A03430438953000D3CE14,2008-08-28 00:57:07.210000000,Skilled Labor,0.16,"$50,000-74,999"
73700,3EC434334780172139A5D49,2008-10-02 10:22:35.540000000,Other,0.27,"$100,000+"
53952,F07733920233848833F45E4,2007-06-04 08:36:54.290000000,Other,0.29,"$25,000-49,999"
63901,C8A135919230145501C13C0,2013-10-11 11:03:40.633000000,Food Service Management,0.2925,"$25,000-49,999"
32136,181C342764988668225697F,2008-07-29 11:56:52.373000000,Professional,0.1965,"$100,000+"
75368,0C1735973384824542A9EA3,2013-12-07 07:01:35.130000000,Professional,0.2304,"$50,000-74,999"
74752,E97E35526248407595590C0,2012-07-21 13:32:07.023000000,Other,0.1728,"$1-24,999"
47364,62163561001724107496E71,2012-10-16 09:56:03.653000000,Tradesman - Mechanic,0.3177,"$50,000-74,999"
62473,DE8F34818331121397A6AC0,2010-04-14 16:59:52.840000000,Military Enlisted,0.3,"$25,000-49,999"
41105,32503560653693157CEE22A,2012-10-26 14:31:40.057000000,Other,0.2932,"$25,000-49,999"
105437,862E357204528520209DE3E,2013-02-20 19:46:15.070000000,Professor,0.2019,"$50,000-74,999"
26558,2F8435833196947728B93BE,2013-07-12 08:02:37.727000000,Professional,0.1819,"$50,000-74,999"
80648,4CCC3574023542009ED999A,2013-04-01 14:06:27.767000000,Other,0.1414,"$100,000+"
68319,FAD33423855961225734A8D,2008-06-13 20:29:26.023000000,Sales - Retail,0.14,"$25,000-49,999"
3851,0F5436043834705525561A5,2014-03-09 08:02:24.587000000,Civil Service,0.179,"$75,000-99,999"
4529,0F2E3584415687913583078,2013-07-14 17:23:51.397000000,Military Enlisted,0.1979,"$25,000-49,999"
61860,F72635603208378288621BE,2012-10-02 15:43:33.263000000,Teacher,0.1346,"$50,000-74,999"
91641,27793558983569148D6BCEF,2012-09-24 06:58:07.587000000,Administrative Assistant,0.0974,"$50,000-74,999"
16401,12BB35527602941044BE4F7,2012-07-11 16:40:31.230000000,Medical Technician,0.1626,"$25,000-49,999"
41079,740B3417458231464477DA6,2008-03-24 16:18:10.860000000,Sales - Commission,0.35,"$50,000-74,999"
55334,20B13494883584011C6B241,2010-09-19 11:19:33.730000000,Other,0.0825,"$25,000-49,999"
60613,DF4F35223686336296FC827,2011-08-02 09:26:35.533000000,Other,0.3099,"$1-24,999"
113903,E6D5360239825759235A854,2014-02-24 17:01:03.320000000,Landscaping,0.1605,"$25,000-49,999"
42052,50B13581983720323B4B1AB,2013-06-28 17:38:35.190000000,Other,0.2419,"$50,000-74,999"
6476,2E2C3538133331769BACEEB,2012-01-27 07:14:09.677000000,Other,0.3177,"$50,000-74,999"
44698,8BEF3603718988320D1092D,2014-03-06 08:38:45.860000000,Analyst,0.3009,"$75,000-99,999"
32855,C9403507032609983F71D85,2011-01-30 03:39:06.543000000,Other,0.3199,"$1-24,999"
31985,7F883573229243658E5B8EC,2013-03-03 07:11:50.787000000,Other,0.2492,"$25,000-49,999"
79728,1CA9358662572370913C8EA,2013-08-18 05:43:47.763000000,Truck Driver,0.1219,"$25,000-49,999"
108485,245635993517197530CB650,2014-01-04 18:05:15.133000000,Professional,0.1039,"$50,000-74,999"
9680,15FE3365720326854798D84,2006-08-25 08:36:47.877000000,Sales - Commission,0.0795,Not displayed
31508,810E35624718808304CC1C9,2012-11-06 10:02:53.763000000,Other,0.3177,"$1-24,999"
112195,F31333922214330233E28FA,2007-06-28 20:01:27.880000000,Truck Driver,0.16,"$50,000-74,999"
92759,80D735990743136857BA0E1,2013-12-27 16:44:09.260000000,Sales - Commission,0.2394,"$25,000-49,999"
29770,345D3431771875869A4E4E3,2008-09-18 11:17:53.490000000,Analyst,0.0981,"$75,000-99,999"
110101,6B7F3398559039488DFB210,2007-08-28 20:55:00.387000000,Architect,0.1499,"$25,000-49,999"
35961,B31635334448404803E3314,2011-12-12 07:29:41.220000000,Professional,0.1621,"$100,000+"
47194,A533352880475406359584D,2011-10-19 15:47:26.120000000,Scientist,0.107,"$25,000-49,999"
44809,5B8535639914517251B077A,2012-11-14 16:00:33.727000000,Professional,0.0565,"$100,000+"
42189,A00A35663244040461C1D08,2013-01-01 14:14:32.657000000,Tradesman - Mechanic,0.2712,"$25,000-49,999"
75168,41FB35346422606182C6142,2011-12-13 13:14:50.813000000,Accountant/CPA,0.3127,"$25,000-49,999"
54868,C4893526807036764C74A73,2011-09-11 16:12:13.323000000,Professional,0.2199,"$100,000+"
33123,A2193601219732888A69501,2014-01-22 13:01:01.243000000,Food Service,0.208,"$25,000-49,999"
8236,92D735689716373998A068B,2013-01-23 08:26:56.693000000,Other,0.2272,"$75,000-99,999"
109499,276F3589193100185B28887,2013-09-05 16:50:15.813000000,Scientist,0.1203,"$100,000+"
90312,E426355066655221891F34A,2012-06-18 10:29:53.060000000,Other,0.2498,"$25,000-49,999"
61816,7324355464654383943C5B4,2012-08-13 13:29:47.227000000,Professional,0.2747,"$75,000-99,999"
13012,EF183427812186902239A4D,2008-08-06 12:12:32.473000000,Analyst,0.35,"$25,000-49,999"
102622,C5683388103595800F47285,2007-04-18 14:42:37.760000000,Computer Programmer,0.14,"$75,000-99,999"
8949,A59F34591192423207332A4,2009-07-23 07:32:28.513000000,Professional,0.18,"$100,000+"
48895,F87834327479826303D5293,2008-09-21 20:26:54.350000000,Landscaping,0.2,"$25,000-49,999"
4372,985B3601157670084CA7FC6,2014-02-09 18:26:35.133000000,,0.1189,"$25,000-49,999"
97516,FB703400064882157A9F048,2007-09-19 18:37:49.067000000,Other,0.2437,"$25,000-49,999"
60826,F678342867313360171B275,2008-08-21 09:02:37,Analyst,0.35,"$50,000-74,999"
13070,17A635038210088680D7DF8,2011-01-07 11:09:06.587000000,Other,0.2775,"$75,000-99,999"
51732,403235208646314875F4AE9,2011-07-26 06:26:47.680000000,Sales - Retail,0.1029,"$75,000-99,999"
22239,499B355581520479209CF80,2012-08-16 07:19:58.303000000,Nurse (RN),0.1599,"$75,000-99,999"
69192,3A323389941642052984AAC,2007-05-30 07:18:36.163000000,Sales - Commission,0.115,"$75,000-99,999"
76886,F61D3585630003254434E70,2013-07-25 14:53:30.963000000,Clerical,0.2786,"$50,000-74,999"
9430,81823585546510144C2697E,2013-07-25 11:06:34.170000000,Medical Technician,0.1269,"$50,000-74,999"
60648,6E223596065809814F7019E,2013-12-04 22:57:06.317000000,Analyst,0.1655,"$50,000-74,999"
35160,47E43579352384420948F31,2013-05-12 12:58:34.750000000,Other,0.1769,"$25,000-49,999"
79700,C5EF35992388509141D299B,2014-01-01 17:28:17.490000000,Computer Programmer,0.162,"$75,000-99,999"
77314,1BC4359276131007239EAE5,2013-10-18 11:58:57.837000000,Tradesman - Plumber,0.184,"$50,000-74,999"
92149,F9E93369863114832077F95,2006-10-07 13:51:51.370000000,Other,0.1145,Not displayed
22668,A39134135196658747D7CA0,2008-02-12 16:16:33.220000000,Student - College Senior,0.14,"$1-24,999"
85596,7C3A3513982442845DF9F37,2011-04-25 12:06:38.960000000,Military Officer,0.3199,"$75,000-99,999"
38375,B8E53558614180755EECDEA,2012-09-22 08:48:10.153000000,Professional,0.2498,"$50,000-74,999"
49955,55ED3375772473691CAA968,2006-12-02 11:09:57.157000000,Other,0.0895,Not displayed
91461,6084358080680434434B0FF,2013-06-14 17:09:18.197000000,Nurse (RN),0.2639,"$50,000-74,999"
100059,3DCF3594134124461C0D31C,2013-11-15 08:05:52.640000000,Attorney,0.2155,"$100,000+"
40904,31A13373780246097E6D217,2006-11-10 15:26:45.590000000,Administrative Assistant,0.135,Not displayed
97582,ED4C353446032937235D4C0,2011-12-11 19:29:39.410000000,Police Officer/Correction Officer,0.2511,"$50,000-74,999"
55430,803635227374775509FDBEB,2011-08-02 16:40:29.717000000,Sales - Commission,0.3099,"$50,000-74,999"
8957,0BCB35959220048797E6BFC,2013-11-21 12:09:29.600000000,Bus Driver,0.1274,"$25,000-49,999"
74146,373E3421240280232FF4457,2008-05-15 08:34:20.670000000,Accountant/CPA,0.21,"$50,000-74,999"
53936,FCD434044889496841BC79B,2007-11-08 05:17:23.003000000,Computer Programmer,0.1,"$25,000-49,999"
74558,E9333364619775654201B2F,2006-08-03 09:53:44.950000000,Administrative Assistant,0.29,Not displayed
43310,F5513598358873989641E66,2014-01-09 13:41:01.807000000,Sales - Retail,0.2235,"$25,000-49,999"
40383,4091357965979645857FF06,2013-05-20 08:41:47.960000000,Food Service,0.1334,"$25,000-49,999"
13479,8E4635892786433611A2E43,2013-09-25 19:04:39.153000000,Clerical,0.0766,"$25,000-49,999"
125,10EC3516168266498E5E38A,2011-05-10 12:53:38.783000000,Other,0.3199,Not employed
18680,147E342682908160948E13D,2008-07-16 02:38:37.787000000,Skilled Labor,0.1075,"$25,000-49,999"
91186,27A2342535164329260132A,2008-06-30 08:56:56.167000000,Teacher,0.2175,"$50,000-74,999"
37753,524D34337298923866B06D6,2008-10-06 15:21:47.647000000,Professional,0.1185,"$50,000-74,999"
81838,593435966631073822ED584,2013-12-09 15:11:56.090000000,Professional,0.2694,"$50,000-74,999"
102569,41063595920625523291EC8,2013-11-30 18:08:38.733000000,Skilled Labor,0.1139,"$75,000-99,999"
102606,0E44347268062600951E92A,2010-01-03 13:08:09.260000000,Construction,0.35,"$25,000-49,999"
69499,73733392783932490EDE826,2007-06-25 17:11:10.970000000,Retail Management,0.0825,"$25,000-49,999"
66261,6F3235805105258821C1943,2013-05-27 11:28:11.300000000,Engineer - Electrical,0.1769,"$100,000+"
4135,97A13588293719997E19C94,2013-08-24 11:02:35.523000000,Executive,0.2024,"$100,000+"
112279,F3633580999548940E65F9D,2013-05-30 06:59:10.947000000,Teacher,0.2272,"$75,000-99,999"
107117,64E93392318167988913234,2007-06-08 09:24:00.637000000,Other,0.087,"$50,000-74,999"
111934,BFC23404644699997EBF43F,2007-11-20 11:44:48.190000000,Waiter/Waitress,0.13,$0
58184,1BD83549614097492190465,2012-06-09 06:06:40.330000000,Computer Programmer,0.3177,"$100,000+"
97376,5CE835717680970871C9000,2013-03-04 06:19:23.143000000,Teacher,0.2566,"$50,000-74,999"
14789,36FB3590871776468F000E4,2013-10-01 08:53:29.620000000,Other,0.2379,"$25,000-49,999"
2006,4BC13384489232571A82B0B,2007-03-18 13:52:36.237000000,Realtor,0.2698,"$75,000-99,999"
104640,84D93581206304142D7C9F3,2013-06-07 03:03:02.460000000,Sales - Retail,0.1359,"$25,000-49,999"
97724,6A793584885546266F117D0,2013-08-03 13:22:20.033000000,Other,0.1519,"$50,000-74,999"
66661,70023366230177790C6457A,2006-08-26 08:22:13.380000000,Other,0.0912,Not displayed
10761,9CD33580035187808B583D8,2013-06-10 22:09:03,Administrative Assistant,0.2024,"$50,000-74,999"
36996,8EEB33863950569286213CA,2007-04-18 09:05:18.607000000,Analyst,0.257,"$50,000-74,999"
66359,7C403413397045484AE38E8,2008-02-11 16:37:53.733000000,Flight Attendant,0.24,"$25,000-49,999"
65774,B65A3578900949885E78295,2013-05-18 21:06:20.550000000,Truck Driver,0.1639,"$50,000-74,999"
11443,9E763584852644307EC6B26,2013-07-29 16:58:15.677000000,Computer Programmer,0.1979,"$100,000+"
37850,916F33879205504554A2E71,2007-04-17 08:24:40.490000000,Administrative Assistant,0.215,"$25,000-49,999"
94934,503535506304785723708D6,2012-07-02 07:39:36.923000000,Professional,0.2489,"$50,000-74,999"
5648,36C53593807764848463803,2013-11-12 17:54:16.297000000,Computer Programmer,0.1039,"$75,000-99,999"
36956,4A4E36011026458424059A9,2014-01-21 12:54:18.957000000,Landscaping,0.215,"$25,000-49,999"
40035,12BA353506803708935E315,2011-12-16 14:23:29.253000000,Scientist,0.0804,"$75,000-99,999"
12672,A00E33718606302983AF25E,2006-10-16 12:23:58.317000000,Executive,0.155,Not displayed
151,106B35550650717827CA771,2012-08-23 09:40:29.013000000,Executive,0.2573,"$75,000-99,999"
20321,28B83532905099623F7798C,2011-11-24 08:02:23.113000000,Computer Programmer,0.3177,"$25,000-49,999"
41133,13DE3378683301632E48E04,2007-01-04 10:44:52.500000000,Professional,0.24,Not displayed
35818,B31635902409366010228F4,2013-10-06 15:25:18.673000000,Analyst,0.1585,"$25,000-49,999"
3754,05AA35324574318398145BE,2011-11-30 18:07:34.070000000,Other,0.3108,"$1-24,999"
87503,AD8D3585538769031FC09FC,2013-07-25 17:54:56.817000000,Nurse (RN),0.2124,"$100,000+"
105613,B0E33369612212967C7B63E,2006-10-01 19:02:18.893000000,Other,0.15,Not displayed
80564,54F736026305982380C03AC,2014-02-15 10:48:05.363000000,Construction,0.1274,"$1-24,999"
25919,629E3533767756099B121F7,2011-12-23 09:28:36.873000000,Sales - Retail,0.2511,"$1-24,999"
105170,B3ED3583011908242789AD9,2013-06-25 09:11:06.377000000,Other,0.1169,"$75,000-99,999"
41751,930335889303532671214BC,2013-09-17 06:00:50.033000000,Administrative Assistant,0.2549,"$50,000-74,999"
11602,66FD3508735355060137253,2011-02-22 12:07:02.773000000,Administrative Assistant,0.3199,"$25,000-49,999"
92233,FB1C35486195165785329CB,2012-06-12 15:15:00.260000000,Accountant/CPA,0.1085,"$50,000-74,999"
83218,579D359821746485009128E,2014-01-08 08:21:06.273000000,Retail Management,0.1099,"$25,000-49,999"
21210,481F33760698658482DE892,2006-12-20 19:39:29.810000000,Professional,0.11,Not displayed
21011,18223406556940414B3AAAB,2007-12-12 09:55:21.713000000,Truck Driver,0.34,"$50,000-74,999"
12951,97263539533285544D1204A,2012-02-16 08:22:30.907000000,Analyst,0.1449,"$50,000-74,999"
17100,413F3558184046444A2DBBF,2012-09-24 13:58:06.647000000,Executive,0.0974,"$100,000+"
75900,C8663398865544395981A07,2007-09-01 15:54:00.600000000,Other,0.17,"$1-24,999"
98825,77803559628686465F21327,2012-10-04 10:59:29.803000000,Other,0.1486,"$50,000-74,999"
10536,0D0934644600486299DD6E2,2009-10-04 12:39:11.580000000,Nurse (RN),0.1233,"$50,000-74,999"
49917,E7AD338943420283135FE5A,2007-05-14 06:59:42.900000000,Teacher,0.115,"$25,000-49,999"
67519,FA643551849594355F99426,2012-07-12 08:52:32.013000000,Professional,0.2498,"$50,000-74,999"
44763,4A3635262881015736A5025,2011-09-26 23:44:54.743000000,Professional,0.3199,"$1-24,999"
60001,F7A73585012737338B69BA1,2013-07-31 16:35:20.850000000,Teacher,0.1699,"$50,000-74,999"
65004,E660359630767562652E391,2013-12-10 11:11:53.607000000,Computer Programmer,0.1465,"$100,000+"
105009,CEAE33766489034901A161C,2006-12-22 13:05:09.240000000,Truck Driver,0.118,Not displayed
71910,DEEE33825168198413F01E0,2007-03-04 05:58:38.700000000,Sales - Commission,0.1945,"$100,000+"
96521,7CF835888767990198E16D0,2013-09-04 17:46:59.103000000,Professional,0.1874,"$75,000-99,999"
102623,C572347777915753044761A,2010-03-04 01:02:34.450000000,Accountant/CPA,0.102,"$100,000+"
23633,2B3735567456924515E8CE4,2012-09-15 10:11:17.570000000,Computer Programmer,0.0839,"$100,000+"
10452,152E3378858989683E66839,2007-01-08 11:58:43.960000000,Food Service,0.29,Not displayed
3550,42B1354756996053995C916,2012-05-10 17:50:04.103000000,Clerical,0.2958,"$100,000+"
81025,E7ED3553102706849781DF3,2012-07-23 20:38:22.140000000,Professional,0.2909,"$25,000-49,999"
71027,EB24338622858761525ADCF,2007-04-09 14:41:54.257000000,Analyst,0.101,"$75,000-99,999"
2922,04673592777180243F1B444,2013-10-24 15:43:30.753000000,Other,0.155,"$25,000-49,999"
663,3733337846119364241F34B,2007-01-11 20:49:10.827000000,Accountant/CPA,0.17,Not displayed
8573,719135986998953626CF675,2014-01-03 09:25:51.863000000,Food Service Management,0.162,"$25,000-49,999"
23569,6CBE35924495251333FBB2B,2013-10-15 18:21:09.483000000,Professional,0.1099,"$75,000-99,999"
17193,1CDE3366041086054B47E34,2006-04-08 12:40:25.620000000,,0.1,Not displayed
56868,B80C3561537493201CBE149,2012-11-05 10:10:55.627000000,Truck Driver,0.1795,"$1-24,999"
36708,7E343417711526912FC01F2,2008-04-14 13:49:52.887000000,Accountant/CPA,0.0797,"$50,000-74,999"
83,1066354838733351352FBF8,2012-06-05 14:27:23.647000000,Accountant/CPA,0.2958,"$25,000-49,999"
1386,40503586951554636621A32,2013-08-28 04:51:29.930000000,Professional,0.1769,"$75,000-99,999"
52408,6EBB3594478493368DBF9ED,2013-11-03 15:10:34.293000000,Other,0.1249,"$50,000-74,999"
44192,E7043602671653986236BDA,2014-02-23 18:36:07.653000000,Administrative Assistant,0.1385,"$50,000-74,999"
68548,3ECE354566930033430E453,2012-04-20 07:38:46.153000000,Administrative Assistant,0.3177,"$25,000-49,999"
110863,7FA1342381885082274DE2C,2008-06-05 13:32:55.473000000,Police Officer/Correction Officer,0.1355,"$50,000-74,999"
18418,5A243501699893783C605D2,2010-12-16 06:48:17.423000000,Analyst,0.295,"$25,000-49,999"
64273,0E6A35919360697329D4F56,2013-10-10 16:28:06.537000000,Truck Driver,0.2379,"$50,000-74,999"
84346,E28335965154950596CECB0,2013-12-03 09:47:55.063000000,Professional,0.0769,"$50,000-74,999"
74504,8E463597294645915B4A206,2013-12-10 18:00:38.487000000,Social Worker,0.1274,"$50,000-74,999"
112176,D73E351517845856895658D,2011-05-10 06:11:30.857000000,Accountant/CPA,0.1999,"$50,000-74,999"
549,09303402713012123190223,2007-10-26 10:00:18.403000000,Computer Programmer,0.1,"$25,000-49,999"
108022,63B03491417092234E1C6AB,2010-07-28 15:37:23.820000000,Attorney,0.1365,"$100,000+"
94800,22E83416984952269DA7B20,2008-03-28 20:24:42.297000000,Student - College Junior,0.142,"$1-24,999"
111987,D4EB3502321023022D76835,2010-12-16 12:30:46.863000000,Principal,0.149,"$75,000-99,999"
89457,E14B3580666758138DCE3EB,2013-06-10 12:22:40.670000000,Laborer,0.1819,"$25,000-49,999"
21406,49683603067071728A65870,2014-02-10 21:55:11.430000000,Teacher,0.1535,"$75,000-99,999"
44687,E1A53590279593212E33843,2013-09-25 11:23:56.510000000,Computer Programmer,0.144,"$75,000-99,999"
73697,3EBB3532018377657F57BD2,2011-12-03 14:58:20.900000000,Professional,0.1664,"$50,000-74,999"
22140,047C359871068240108DB65,2014-01-02 16:26:19.383000000,Engineer - Mechanical,0.285,"$75,000-99,999"
83270,6D823575111070524334C65,2013-04-08 18:44:00.983000000,Administrative Assistant,0.1899,"$50,000-74,999"
4068,0CB33589592608698BDF5C2,2013-09-16 14:06:18.927000000,Accountant/CPA,0.1299,"$50,000-74,999"
84810,94A13527243261404AA5240,2011-10-04 09:36:51.153000000,Realtor,0.3199,"$50,000-74,999"
44716,FC983574245112498E56B9E,2013-03-19 07:45:56.603000000,Nurse (RN),0.1899,"$50,000-74,999"
34437,D96F3566291739627D805A8,2012-12-10 12:10:18.260000000,Other,0.1797,"$75,000-99,999"
53265,3BFA3491590413669A7C82D,2010-08-18 20:19:44.513000000,Military Enlisted,0.35,"$50,000-74,999"
110198,76133394338176627089C2A,2007-07-16 15:20:34.607000000,Other,0.112,"$1-24,999"
78511,BF043559391978114674363,2012-10-15 02:34:11.267000000,Truck Driver,0.2346,"$50,000-74,999"
13006,D6E7354510654843136BFAE,2012-04-16 10:28:51.583000000,Retail Management,0.2489,"$25,000-49,999"
18922,5AB53530382360700367F63,2011-11-10 08:34:44.973000000,Other,0.2599,"$25,000-49,999"
58863,61EE3426621814193BB84A5,2008-07-30 10:08:10.973000000,Homemaker,0.35,"$1-24,999"
38044,EE4E3589839670576E745FB,2013-09-09 07:19:34.290000000,Sales - Commission,0.2699,"$75,000-99,999"
26620,BCBB35652376208383988A5,2012-11-30 07:53:16.657000000,Clerical,0.3177,"$1-24,999"
97797,27C13371069674813593C3D,2006-10-27 09:29:44.160000000,Other,0.25,Not displayed
32159,828135875660327197EB0FD,2013-08-26 12:49:38.310000000,Police Officer/Correction Officer,0.074,"$75,000-99,999"
82197,D4463391435831776D1F4EA,2007-05-30 16:42:19.837000000,Professor,0.26,"$25,000-49,999"
57034,F40033792834623011F734A,2007-01-08 11:53:44.810000000,Teacher,0.145,Not displayed
69492,06E535855615865598FA0EB,2013-08-01 10:53:48.557000000,Realtor,0.2159,"$25,000-49,999"
108312,21CB34001599397948AFF80,2007-09-20 07:40:31.727000000,Professional,0.21,"$25,000-49,999"
27561,B409336584902492610FD4E,2006-08-04 09:28:55.650000000,Other,0.1272,Not displayed
107650,98A534922982496665AD2BE,2010-08-23 09:29:26.143000000,Other,0.1365,"$50,000-74,999"
34285,C25D3573334219496BA7E01,2013-03-13 09:43:01.710000000,Construction,0.1153,"$100,000+"
35581,491B3580937198515CD19C6,2013-06-22 07:02:56.107000000,Food Service Management,0.1219,"$25,000-49,999"
43639,94F63592952787870EF6508,2013-11-03 15:23:58.363000000,Laborer,0.1349,"$25,000-49,999"
61404,0DD13566131018181C46829,2012-12-24 10:40:15.797000000,Nurse (RN),0.1563,"$75,000-99,999"
20899,471B342245354827260F2F4,2008-05-29 12:34:37.817000000,Teacher,0.0555,"$25,000-49,999"
105778,123B3469436233523C93F18,2009-12-01 18:33:36.810000000,Construction,0.336,"$25,000-49,999"
77598,E70A3569463159878EE03FB,2013-01-17 20:27:42.077000000,Civil Service,0.1679,"$100,000+"
27650,B4153592594283237EC14DC,2013-10-28 19:38:23.520000000,Medical Technician,0.2699,"$25,000-49,999"
44780,E1BA3507361515841571C15,2011-01-28 17:31:59.607000000,Fireman,0.0655,"$100,000+"
25318,69CE3600837128281DCC83C,2014-01-25 17:59:21.280000000,Analyst,0.093,"$50,000-74,999"
79177,9F7D35963884285999FEB36,2013-12-10 21:42:48.087000000,Construction,0.2394,"$100,000+"
44397,5A95358593704701192CE7A,2013-07-26 12:34:11.913000000,Nurse's Aide,0.1979,"$25,000-49,999"
73147,8BCF35923667715384532E6,2013-11-02 05:40:00.990000000,Postal Service,0.1299,"$50,000-74,999"
92689,809F3596575391561BFCA82,2013-12-03 10:53:37.517000000,Food Service,0.194,"$25,000-49,999"
30194,331733726710046706EDBAC,2006-11-13 17:56:56.170000000,Construction,0.15,Not displayed
99824,26713602311021854EAB1F2,2014-02-04 09:27:46.943000000,Professional,0.1465,"$50,000-74,999"
10600,CAC73592331567323345632,2013-10-14 16:29:37.097000000,Clerical,0.231,"$25,000-49,999"
61189,0C1135926544072364A2E54,2013-10-16 03:03:44.483000000,Tradesman - Mechanic,0.155,"$50,000-74,999"
14959,073A35360269388615829B6,2012-01-04 06:40:07.840000000,Professional,0.1644,"$75,000-99,999"
105503,111D33830383043680730CE,2007-02-27 04:14:06.260000000,Skilled Labor,0.29,Not employed
89476,DE5B34850037907452B1EB4,2010-05-24 18:21:35.140000000,Engineer - Mechanical,0.3415,"$75,000-99,999"
2321,8BE1339750116042477AF89,2007-08-20 09:58:50.410000000,Clerical,0.1495,"$25,000-49,999"
31600,65FC342364293377096849A,2008-06-11 19:52:05,Laborer,0.16,"$1-24,999"
85735,E15A3509981682016535210,2011-03-20 19:42:11.197000000,Construction,0.0655,"$25,000-49,999"
102502,B07B36007301563262102E6,2014-01-21 07:02:44.477000000,Professional,0.1585,"$50,000-74,999"
19363,02C8354275058983840708F,2012-03-17 15:34:33.420000000,Professional,0.1845,"$100,000+"
92338,76F53395229852788B80E09,2007-07-12 16:31:17.557000000,Sales - Commission,0.2795,"$1-24,999"
109264,A13235378991783584A758F,2012-01-25 16:21:36.737000000,Professional,0.3177,"$75,000-99,999"
42819,4C493578190851737740863,2013-04-30 13:39:47.850000000,Other,0.2099,"$50,000-74,999"
14760,A7263592955594452526150,2013-10-23 07:31:03.683000000,Other,0.2045,"$100,000+"
62880,83843410051672463786A55,2008-01-19 19:34:01.620000000,Sales - Retail,0.14,"$1-24,999"
79846,E79A3552802576681CFFA0B,2012-07-16 15:38:59.363000000,Other,0.2039,"$25,000-49,999"
101648,CB4D3378595633835C496BF,2007-01-02 02:46:54.077000000,Computer Programmer,0.22,Not displayed
59708,75883583731909060BC3105,2013-06-30 17:12:18.693000000,Professional,0.2179,"$50,000-74,999"
50681,1E9C35894701571937814B6,2013-09-14 17:17:30.397000000,Skilled Labor,0.144,"$50,000-74,999"
9159,E28D3382809284946C91E32,2007-03-02 16:29:22.153000000,Executive,0.29,"$25,000-49,999"
2737,04813590103628944840F4C,2013-09-18 13:46:12.753000000,Military Enlisted,0.2629,"$50,000-74,999"
104704,CF1A3576113784673BD968C,2013-04-06 21:42:02.970000000,Other,0.2419,"$75,000-99,999"
79772,46FA3604554453911CA3984,2014-03-07 11:24:44.853000000,Nurse (RN),0.1264,"$100,000+"
63111,0E8935754797093898E7F37,2013-04-09 05:34:18.603000000,Executive,0.3096,"$75,000-99,999"
106867,656D3595494265036D9D223,2013-12-03 12:22:09.100000000,Professional,0.2235,"$25,000-49,999"
43937,DD073586752136888DF7A17,2013-08-27 18:47:00.487000000,Professional,0.1459,"$25,000-49,999"
53126,1BF3339862900826557819D,2007-08-22 21:59:52.690000000,Administrative Assistant,0.182,"$50,000-74,999"
93597,FCDF359696020956039775C,2013-12-13 15:19:09.897000000,,0.2554,"$1-24,999"
9258,0C2D3535996466793AE45C8,2011-12-29 10:37:14.007000000,Other,0.2049,"$50,000-74,999"
74024,FFBB337126577210217BDC6,2006-10-25 07:40:48.930000000,Other,0.12,Not displayed
32203,9949342304930421303798B,2008-06-05 20:16:13.580000000,Tradesman - Mechanic,0.12,"$50,000-74,999"
50389,90E435924388243135190A0,2013-10-30 12:20:44.577000000,,0.198,"$1-24,999"
77076,98A333814683165265CFA8C,2007-02-18 15:30:32.220000000,Professional,0.0845,"$100,000+"
69917,DC8C350054565242498BD88,2010-11-30 14:46:37.243000000,Other,0.1099,"$1-24,999"
6804,089F3386314052098E24D16,2007-04-17 07:19:17.410000000,Clerical,0.26,"$25,000-49,999"
74793,83143577654234035F2AABE,2013-04-22 12:59:13.640000000,Other,0.2019,"$50,000-74,999"
59869,C3513596411801560F09DCA,2013-11-28 10:23:14.747000000,Investor,0.2235,"$25,000-49,999"
77636,BCF33596616760163D63EC2,2013-12-07 11:23:07.347000000,Teacher,0.1355,"$75,000-99,999"
55908,1A0D337894399929383D73B,2007-01-03 09:58:26.003000000,Accountant/CPA,0.225,Not displayed
48259,F216349785563209607AF91,2010-10-25 04:36:26.987000000,Computer Programmer,0.179,"$75,000-99,999"
12693,5DB43554992465444D7C103,2012-08-22 08:54:21.440000000,Other,0.2684,"$100,000+"
24362,D84834307396740814CAB36,2008-08-27 06:38:26.190000000,Clerical,0.3222,"$25,000-49,999"
101555,BE1F3583575104255355C1C,2013-07-03 16:26:58.937000000,Other,0.1824,"$75,000-99,999"
83568,9660358118850160688587E,2013-06-17 07:55:36.633000000,Accountant/CPA,0.1649,"$75,000-99,999"
24279,12AB359251125928612E78A,2013-10-16 16:45:24.120000000,Other,0.152,"$50,000-74,999"
4485,4A073508738531894FDCC22,2011-02-27 20:51:15.060000000,Retail Management,0.3199,"$50,000-74,999"
43419,681035866536692772D0C97,2013-08-06 14:09:30.500000000,Professional,0.1699,"$75,000-99,999"
82343,F2FA35939060326083F0571,2013-11-11 07:25:17.693000000,Other,0.1314,"$75,000-99,999"
109066,73113365135493168B5B874,2006-05-10 09:14:46.227000000,,0.2275,Not displayed
1150,02543594453340460A6EC55,2013-11-15 12:07:56.527000000,Skilled Labor,0.1485,"$25,000-49,999"
110384,2950349774356361139DAC9,2010-10-30 10:19:16.150000000,Other,0.1095,"$25,000-49,999"
62022,8EDF35710775798187E909A,2013-02-28 07:01:18.467000000,Sales - Commission,0.2492,"$50,000-74,999"
90263,245135595981521591A6F91,2012-10-05 08:52:46.827000000,Skilled Labor,0.0864,"$50,000-74,999"
8278,DE233579908909311C354FD,2013-05-22 11:13:44.123000000,Other,0.1559,"$25,000-49,999"
39333,9231348981633158458AF2E,2010-07-28 08:28:41.417000000,Engineer - Chemical,0.0825,"$50,000-74,999"
30624,F6023602145917454DC9AAA,2014-02-07 09:53:44.727000000,Professional,0.14,"$75,000-99,999"
31409,3AC43563135090134BA9BF9,2012-11-26 07:39:34.683000000,Professional,0.1939,"$50,000-74,999"
92581,4FD1353494184590168F512,2011-12-29 07:08:57.360000000,Other,0.1154,"$25,000-49,999"
106108,DBB935322399010531591BF,2011-11-17 20:04:30.147000000,Other,0.1354,"$1-24,999"
54530,FECB3530462263265174097,2011-11-09 15:12:18.847000000,Police Officer/Correction Officer,0.2205,"$50,000-74,999"
19547,588F3595754714409DB5C3F,2013-11-30 05:55:32.737000000,Other,0.1685,"$25,000-49,999"
31953,3C8335114844880738F4A00,2011-04-10 09:20:49.283000000,Teacher,0.3199,"$25,000-49,999"
107583,1F83358243808994654A951,2013-06-26 12:13:04.817000000,Other,0.1819,"$75,000-99,999"
31088,1A5635313191931233ED0B6,2011-11-03 14:31:21.527000000,Realtor,0.1799,"$50,000-74,999"
84736,3D7535968948257441D2902,2013-12-21 22:34:59.677000000,Civil Service,0.1585,"$75,000-99,999"
40821,D5D13516193481327509D39,2011-05-18 14:13:26.247000000,Administrative Assistant,0.3199,"$50,000-74,999"
58048,6A6C3603389808485F7D4E7,2014-02-20 19:30:04.237000000,Medical Technician,0.1274,"$50,000-74,999"
64094,E4873525962087461A26F47,2011-09-25 06:51:10.793000000,Other,0.1899,"$50,000-74,999"
42409,3A093509367873949A49C20,2011-03-12 06:06:51.007000000,Teacher,0.1949,"$25,000-49,999"
94650,FBD6342120466349162F55F,2008-05-17 04:34:37.547000000,Professional,0.1822,"$50,000-74,999"
75876,B5CD3389208454982A29422,2007-05-07 01:36:33.223000000,Analyst,0.12,"$100,000+"
55733,20A23586907012833DBC003,2013-08-05 15:23:27.490000000,Other,0.2124,"$1-24,999"
102297,96D3357673978057007CD50,2013-05-03 16:27:54.070000000,Food Service Management,0.1984,"$50,000-74,999"
113030,D5BC3544471149329B78B71,2012-04-21 21:01:09.920000000,Other,0.2085,"$25,000-49,999"
47329,ADD6351499722295117548E,2011-05-16 03:10:08.510000000,Computer Programmer,0.1699,"$50,000-74,999"
111253,2ADE3428706526150440F50,2008-08-14 16:00:41.990000000,Teacher,0.35,"$25,000-49,999"
97751,8817340128932292041444B,2007-09-26 23:52:30.937000000,Professional,0.1846,"$50,000-74,999"
39103,BB48357691088598876AC8F,2013-04-15 09:15:41.050000000,Other,0.2124,"$75,000-99,999"
42154,50CA34103841489976C2663,2008-01-21 03:21:38.040000000,Other,0.1199,"$1-24,999"
27407,CC4935639561139384091FC,2012-11-25 16:15:48.600000000,Retail Management,0.1774,"$25,000-49,999"
100959,F016340310777988210683E,2007-10-24 21:41:44.867000000,Professional,0.17,"$25,000-49,999"
14513,49B73391032466621A83B04,2007-05-22 18:46:38.903000000,Teacher,0.26,"$50,000-74,999"
3952,2B57348353504040151E94E,2010-05-15 20:31:40.180000000,Attorney,0.092,"$50,000-74,999"
35767,5505349856826778402B8B3,2010-10-19 08:09:39.550000000,Professional,0.08,"$100,000+"
34223,B2033573047456104440809,2013-03-15 14:40:47.047000000,Professional,0.2099,"$75,000-99,999"
41492,7AFA3581773558733E2222D,2013-06-11 20:56:26.497000000,Other,0.2672,"$75,000-99,999"
32916,319135924006205083E6A36,2013-10-23 18:40:51.863000000,Professional,0.162,"$25,000-49,999"
73139,0BA735574235686640E4533,2012-09-16 12:18:04.660000000,Skilled Labor,0.1486,"$75,000-99,999"
52500,EA4034699562445447B09B0,2009-12-09 15:43:19.553000000,Professional,0.12,"$25,000-49,999"
102864,94DA336795642481059C510,2006-09-21 06:56:01.517000000,Other,0.14,Not displayed
55337,7C173524995315496F15CA1,2011-08-22 09:56:44.593000000,Professional,0.3199,"$25,000-49,999"
112305,F55A3544839595617134168,2012-04-24 08:53:49.433000000,Sales - Commission,0.2489,"$100,000+"
100454,8249354139374971431C43D,2012-03-02 17:17:15.507000000,Teacher,0.3177,"$25,000-49,999"
98441,5FF03537469547556CE9F15,2012-02-01 08:29:27.090000000,Homemaker,0.3177,"$25,000-49,999"
92251,8AA7356150230510480D5FC,2012-10-28 13:48:25.807000000,Other,0.1752,"$25,000-49,999"
66742,E36733959525634928F769E,2007-08-03 12:13:36.440000000,Student - College Senior,0.1505,"$25,000-49,999"
81218,4D16358506074250389614B,2013-08-01 01:02:40.230000000,Medical Technician,0.2346,"$25,000-49,999"
39395,CE5235994293780641210ED,2014-01-13 14:14:43.050000000,Skilled Labor,0.2304,"$25,000-49,999"
102294,96C63530187949887C7A31D,2011-11-09 10:34:57.653000000,Other,0.1609,"$25,000-49,999"
94445,23A83503638372820707C82,2010-12-29 12:41:26.157000000,Teacher,0.149,"$50,000-74,999"
75600,F37C3562389607006B439EA,2012-11-06 12:29:15.307000000,Other,0.0749,"$75,000-99,999"
7515,7D233421388496231B5E253,2008-05-21 05:13:43.530000000,Pilot - Private/Commercial,0.21,"$100,000+"
14083,18E535082748561233F7949,2011-02-14 17:15:55.600000000,Medical Technician,0.2599,"$1-24,999"
25460,072D3596321049245CC40D8,2013-11-29 16:34:40.550000000,Truck Driver,0.1274,"$50,000-74,999"
61841,E3473558163724880FB5D7C,2012-09-24 09:41:42.153000000,Skilled Labor,0.2019,"$50,000-74,999"
24034,F9793550864822348782ABC,2012-06-23 14:34:20.753000000,Teacher,0.2489,"$25,000-49,999"
43960,84C33390438955521DEA4A5,2007-06-05 17:19:17.140000000,Laborer,0.16,"$50,000-74,999"
5326,10B4354305297034263368A,2012-03-19 13:56:35.647000000,Professional,0.1449,"$75,000-99,999"
75847,197A3533745333147E3D85B,2011-12-15 20:02:33.243000000,Other,0.3127,"$25,000-49,999"
83802,65BF3592325231199948560,2013-10-24 08:51:50.103000000,Executive,0.1485,"$50,000-74,999"
26721,076C3528094252746A0B4F7,2011-10-10 10:24:17.670000000,Food Service Management,0.151,"$50,000-74,999"
3828,061C336736446071064C606,2006-09-13 13:54:16.277000000,Executive,0.29,Not displayed
53923,1F3E3579094634576EA36FD,2013-05-08 17:08:28.937000000,Executive,0.1679,"$100,000+"
18864,61493553115527887897EE0,2012-07-28 18:24:45.127000000,Truck Driver,0.2324,"$50,000-74,999"
50982,E7BE359445086877483D9BF,2013-11-08 12:28:05.773000000,Construction,0.144,"$25,000-49,999"
54279,20A035951304666050573AD,2013-12-02 04:19:36.203000000,,0.184,"$50,000-74,999"
4429,485A342450014250475AA00,2008-07-03 08:10:11.093000000,Accountant/CPA,0.135,"$100,000+"
113859,DF69341259831524097DA56,2008-02-14 08:03:25.357000000,Attorney,0.2138,"$50,000-74,999"
25633,B3BF359302451305442CA63,2013-11-04 05:46:07.793000000,Other,0.152,"$100,000+"
67666,D0A23562533657310A7E43F,2012-11-21 07:39:43.913000000,Professional,0.2624,"$25,000-49,999"
529,3BBC360153221876134A3A0,2014-01-21 14:09:53.997000000,Food Service,0.1795,"$25,000-49,999"
108604,F27E355642602051514FC37,2012-08-29 11:36:00.150000000,Other,0.1599,Not employed
29242,37FA3601127521013232766,2014-01-25 14:07:09.540000000,,0.099,"$50,000-74,999"
18136,01883378914846089EBE457,2007-01-24 17:25:27.140000000,Other,0.29,Not displayed
27624,B4E7352941528715977F927,2011-10-31 09:00:56.953000000,Professional,0.111,"$50,000-74,999"
2313,4D13353844398015496D9EA,2012-02-06 13:45:04.777000000,Architect,0.1449,"$75,000-99,999"
66081,737D3418069289391F038DE,2008-04-23 18:54:27.133000000,Construction,0.1395,"$25,000-49,999"
45575,A364350776747130374C1E3,2011-02-23 12:10:12.590000000,Accountant/CPA,0.089,"$50,000-74,999"
43903,342535917237514747E0D9F,2013-10-07 14:35:59.417000000,Retail Management,0.099,"$50,000-74,999"
96061,2B403598857969974692D5F,2013-12-26 14:49:59.923000000,Sales - Retail,0.093,"$25,000-49,999"
16363,4B2C35581955999601BBA74,2012-09-17 00:35:04.720000000,Retail Management,0.2218,"$50,000-74,999"
11362,95253364738565432B4B7C9,2006-07-12 21:30:10.400000000,Sales - Commission,0.2375,Not displayed
5432,07AB3555831932865DF6A69,2012-09-04 10:04:32.140000000,Clerical,0.3177,"$1-24,999"
88527,48BC34782278998945519CD,2010-02-25 16:05:34.390000000,Professional,0.093,"$100,000+"
2752,4AD43595743212436461C45,2013-11-29 15:15:20.047000000,Construction,0.1725,"$50,000-74,999"
154,107B3591400829838E5C400,2013-10-06 16:36:13.303000000,Teacher,0.187,"$75,000-99,999"
79331,F5E03595745696497246751,2013-11-21 10:09:59.567000000,Other,0.2624,"$75,000-99,999"
15241,F25D34772597179716D5337,2010-02-24 06:34:24.540000000,Other,0.1385,"$25,000-49,999"
34010,38E2355538531685322D747,2012-08-16 14:42:22,Laborer,0.3177,"$50,000-74,999"
66797,CF3E35253942503529861B8,2011-09-08 10:57:33.430000000,Investor,0.3199,"$25,000-49,999"
28445,BD1A359023695450281516F,2013-09-28 08:31:12.290000000,Retail Management,0.155,"$50,000-74,999"
90472,E0F0359380064573514D94E,2013-11-11 16:16:54.467000000,Professional,0.162,"$100,000+"
61916,8EBB357444266115928B465,2013-04-03 10:54:01.903000000,Other,0.1649,"$25,000-49,999"
20103,8AF733871964658607DEA7F,2007-04-27 20:06:22.303000000,Other,0.2395,Not employed
55602,17EA35400629785417B7594,2012-02-25 09:01:20.387000000,Other,0.1449,"$25,000-49,999"
38325,D18D3497843598068783608,2010-10-19 10:33:35.640000000,Accountant/CPA,0.3435,"$50,000-74,999"
39954,906C3498081933810D48FC6,2010-11-01 06:12:30.900000000,Computer Programmer,0.149,"$100,000+"
11057,892E3555521894276A894E2,2012-08-09 16:01:55.783000000,Other,0.3177,"$25,000-49,999"
83711,654E351378902530322FC59,2011-05-04 11:14:30,Skilled Labor,0.111,"$25,000-49,999"
80044,4ACC3595546620762840F9F,2013-11-26 09:54:42.893000000,Skilled Labor,0.099,"$1-24,999"
36807,775235282620409903ACD7C,2011-10-06 18:12:33.240000000,Other,0.1799,"$50,000-74,999"
58363,AAE63592858619169A533CD,2013-10-24 13:49:30.803000000,Accountant/CPA,0.105,"$75,000-99,999"
51908,A73D3600441841646810953,2014-02-02 12:37:04.277000000,Other,0.1435,"$75,000-99,999"
52245,EC163429984009592920C52,2008-08-16 20:47:32.983000000,Other,0.123,"$1-24,999"
46873,3F5B358072460145476E003,2013-06-05 08:12:31.103000000,Attorney,0.1639,"$100,000+"
27452,7F023560629903915394419,2012-10-17 09:18:58.387000000,Civil Service,0.1509,"$50,000-74,999"
5686,3A6B35278520758619A1E5C,2011-10-01 20:36:14.347000000,Analyst,0.1129,"$100,000+"
51104,9F1235563503077780832BC,2012-08-18 14:03:36.320000000,Engineer - Mechanical,0.1249,"$50,000-74,999"
23468,B1C63417437593585BDC0C1,2008-04-13 07:50:23.563000000,Attorney,0.18,"$75,000-99,999"
91213,8E3C35934100093867A28BA,2013-11-06 07:50:05.693000000,Other,0.2699,"$25,000-49,999"
57105,21F33581315360808410420,2013-06-14 17:15:55.207000000,Other,0.2179,"$25,000-49,999"
51070,911333757783094283DB4F1,2006-12-04 10:14:36.913000000,,0.185,Not displayed
50818,1D183533174027299397D30,2011-12-12 06:27:34.897000000,Retail Management,0.2151,"$25,000-49,999"
43764,DC89348636223837947A194,2010-06-04 17:36:52.453000000,Retail Management,0.102,"$25,000-49,999"
31659,D1E03603106629791E8F273,2014-02-20 09:36:41.433000000,,0.1199,"$25,000-49,999"
61677,C3293499685262786FA61D7,2010-11-18 06:11:54.327000000,Food Service Management,0.35,"$25,000-49,999"
110546,28B9354455619278458CD33,2012-04-12 09:09:58.097000000,Professional,0.127,"$75,000-99,999"
64567,A04435893538292133CEAAA,2013-09-16 17:43:27.253000000,Other,0.144,"$25,000-49,999"
64314,FCEE342065526263812777B,2008-05-14 05:13:57.613000000,Clergy,0.16,"$25,000-49,999"
105780,12643584775735144E26127,2013-07-29 16:08:01.820000000,Other,0.1699,"$50,000-74,999"
60712,E0C13596468790810E5C7ED,2013-12-07 14:59:51.867000000,Administrative Assistant,0.162,"$50,000-74,999"
61498,78963420369504833D31BC5,2008-05-18 16:39:03.313000000,Sales - Commission,0.28,$0
80798,557536005206422618AD35B,2014-01-16 19:29:14.080000000,Other,0.208,"$25,000-49,999"
8546,65EE35984444684120A7AC0,2013-12-21 16:56:02.093000000,Computer Programmer,0.1314,"$50,000-74,999"
40988,6F903599021603382E6C26E,2014-01-01 09:52:42.667000000,Sales - Commission,0.1139,"$100,000+"
59420,DE983401160815664BF8B6C,2007-09-18 08:23:51.770000000,Sales - Commission,0.29,"$25,000-49,999"
59360,C1FE3532060870757E0D457,2011-11-30 21:26:40.980000000,Teacher,0.2561,"$50,000-74,999"
62192,369E3583790008371C509C4,2013-07-05 06:12:02.260000000,Clerical,0.1649,"$25,000-49,999"
44912,5BD23594374573427179095,2013-11-15 13:55:03.853000000,Other,0.162,"$25,000-49,999"
85758,DD933381906960422550CD8,2007-02-18 12:19:24.650000000,Other,0.17,"$25,000-49,999"
77422,9D7E3595255624401F235EA,2013-12-02 09:12:37.560000000,Engineer - Electrical,0.1274,"$75,000-99,999"
72864,F29734192937032667DD9C6,2008-04-29 17:00:44.673000000,Analyst,0.0845,"$25,000-49,999"
79166,68E9359842107989939A3EE,2013-12-30 14:20:53.827000000,Professional,0.1655,"$50,000-74,999"
20827,161636034659046891DBB43,2014-02-14 07:14:29.687000000,Nurse (LPN),0.093,"$25,000-49,999"
49487,367035914902962108687A8,2013-10-04 18:54:55.050000000,Other,0.2085,"$25,000-49,999"
63756,202D3468825451998FC3CCD,2009-11-09 14:27:35.233000000,Nurse (RN),0.105,"$100,000+"
76708,A16D36008538694841D68B1,2014-01-19 09:51:46.240000000,Other,0.1139,"$25,000-49,999"
105843,D3CE3534773018810BD0EA3,2011-12-25 13:07:18.947000000,Landscaping,0.3058,"$25,000-49,999"
95360,B6FA35734752709973FF95C,2013-03-13 10:02:40.657000000,Other,0.0799,"$100,000+"
3484,04EB339054582313914AF6F,2007-05-22 10:40:12.440000000,Other,0.1,"$1-24,999"
67843,06193600389815245FD1B53,2014-01-14 09:58:56.713000000,Other,0.2304,"$50,000-74,999"
30473,D4C4355591473087456E0F0,2012-08-12 18:18:17.987000000,Professional,0.1679,"$100,000+"
79967,47403387978490028656A7B,2007-04-20 08:04:00.050000000,Administrative Assistant,0.099,"$25,000-49,999"
66693,D9AB3530212060969DC1A12,2011-10-21 06:58:08.533000000,Analyst,0.1074,"$100,000+"
25666,2BCA3590045112859D989CE,2013-10-01 08:23:49.090000000,Other,0.231,"$75,000-99,999"
16496,140F3543978865908E5F891,2012-04-19 13:18:37.227000000,Attorney,0.1768,"$100,000+"
14038,A8543574203427191D9626D,2013-03-27 20:52:19.333000000,Postal Service,0.1819,"$50,000-74,999"
13508,3F53358114266070433EC11,2013-06-16 20:39:41.943000000,Executive,0.2566,"$50,000-74,999"
57417,2210342388863497740BDFA,2008-06-17 00:20:13.853000000,Other,0.1105,"$25,000-49,999"
57480,9B6A341432885374656C919,2008-03-10 11:56:53.117000000,Other,0.14,"$50,000-74,999"
44196,8AC03513213940839B24721,2011-04-15 03:43:08.883000000,Other,0.3199,"$25,000-49,999"
100606,828D3542640768186E558EF,2012-03-28 07:00:52.730000000,Computer Programmer,0.2958,"$75,000-99,999"
79880,53443597924093415D9DE82,2013-12-22 07:48:24.633000000,Other,0.2394,"$50,000-74,999"
96215,531C3585587348323252F87,2013-08-08 07:09:55.457000000,Construction,0.1269,"$75,000-99,999"
67068,05B635619916631762961E1,2012-11-05 12:30:23.770000000,Sales - Commission,0.2932,"$75,000-99,999"
74480,342B3592488878179F764D2,2013-10-21 21:45:22.140000000,Professional,0.0879,"$100,000+"
107738,9939357659974085820695C,2013-04-17 20:44:43.870000000,Medical Technician,0.1979,"$25,000-49,999"
2702,650F358626753984240EE2A,2013-08-02 17:29:39.220000000,Other,0.1824,"$50,000-74,999"
43292,15D43486470775633B10025,2010-06-23 13:53:36.493000000,Professional,0.071,"$50,000-74,999"
45212,E73B35871658527125B3A88,2013-08-19 11:29:35.220000000,Other,0.2969,"$100,000+"
91667,5FFE3512546357537C5CA27,2011-04-19 09:40:06.263000000,Engineer - Electrical,0.0649,"$100,000+"
68320,FCFF3599255692738B42FE4,2014-01-16 18:07:46.607000000,Other,0.1355,"$25,000-49,999"
85595,7E353575381132199B21DC2,2013-04-11 11:56:30.697000000,Police Officer/Correction Officer,0.1819,"$50,000-74,999"
103308,84D9353944013789939FCF5,2012-02-21 12:54:19.893000000,Truck Driver,0.0958,"$50,000-74,999"
62527,E369337768821521097AF12,2006-12-27 06:02:56.083000000,,0.22,Not displayed
3778,0EA23578329305298484ACE,2013-05-02 15:46:48.237000000,Nurse (LPN),0.1474,"$25,000-49,999"
5866,0FF434894927432700BEFD6,2010-07-12 17:26:08.847000000,Analyst,0.2625,"$75,000-99,999"
96378,FB9035777265478851CA438,2013-05-03 04:21:30.503000000,Other,0.2712,"$75,000-99,999"
65928,D6A13545825789619360BCE,2012-04-27 07:06:13.337000000,Fireman,0.2489,"$50,000-74,999"
59494,6870360311800659223630E,2014-03-05 14:30:43.473000000,Other,0.1199,"$25,000-49,999"
94922,F64D35779411778426EEEF4,2013-05-13 09:53:29.057000000,Waiter/Waitress,0.3134,"$25,000-49,999"
91259,713A359787058929328197C,2014-01-02 10:56:28.753000000,Retail Management,0.15,"$75,000-99,999"
50015,FAFA3486429363178E71D66,2010-06-23 12:57:42.737000000,Clerical,0.1375,"$25,000-49,999"
806,46993598202546780DE5A5D,2013-12-19 11:27:13.120000000,Professional,0.1435,"$75,000-99,999"
59453,A88735350393422473D7CF4,2011-12-19 17:23:39.217000000,Sales - Commission,0.1644,"$75,000-99,999"
95362,276E3377424239325137559,2007-01-02 16:02:08.320000000,Computer Programmer,0.12,Not displayed
26108,675736000572348809BA88D,2014-01-28 17:13:35.850000000,Skilled Labor,0.1585,"$50,000-74,999"
94190,F0283563794371436E87815,2012-11-28 13:43:04.307000000,Other,0.1982,"$25,000-49,999"
59352,81D93366054215446B2F65E,2006-08-07 08:46:55.077000000,Accountant/CPA,0.19,Not displayed
25228,D8F435133203475006F3D7D,2011-04-19 09:25:45.637000000,Professional,0.3199,"$75,000-99,999"
108058,5C00356151133751146815A,2012-10-24 04:26:42.527000000,Teacher,0.2226,"$50,000-74,999"
63598,8DB53411876201551A3757D,2008-01-23 12:55:02.923000000,Analyst,0.135,"$50,000-74,999"
28152,D0ED35555130572148E97DB,2012-08-11 14:10:47.853000000,Professional,0.2326,"$50,000-74,999"
65823,05333420401003368E19727,2008-05-08 13:22:41.183000000,Sales - Commission,0.099,$0
41166,56EB35565513541005E3A48,2012-09-04 06:53:48.017000000,Executive,0.0839,"$100,000+"
14405,C0C83397986160389982AE1,2007-08-28 13:54:08.670000000,Computer Programmer,0.0824,"$75,000-99,999"
30619,FD313600612036283BD7ACB,2014-01-21 12:04:40.763000000,Computer Programmer,0.1139,"$75,000-99,999"
95625,AFFD357811403886993CF9A,2013-05-01 06:13:12.497000000,Professional,0.2319,"$50,000-74,999"
64970,BE7F359691950021882DDB2,2013-12-13 09:32:13.607000000,,0.1274,"$1-24,999"
97689,FBCF356803919727225F7DF,2013-01-09 16:23:19.083000000,Analyst,0.1769,"$100,000+"
99146,2B8D3564123848606907711,2012-12-02 21:54:21.997000000,Other,0.0789,"$25,000-49,999"
64466,91233598158620544B48599,2013-12-30 12:52:43.923000000,,0.1795,"$25,000-49,999"
18440,1987359827858610575623F,2014-01-02 18:34:42.030000000,Professional,0.197,"$50,000-74,999"
36247,3F86351604385521547190C,2011-06-01 12:36:49.397000000,Retail Management,0.2699,"$25,000-49,999"
80333,C38E34610745914691ABDAD,2009-08-13 15:54:33.303000000,Skilled Labor,0.1025,"$25,000-49,999"
6049,87F2358186894309455016B,2013-06-28 10:26:58.630000000,Engineer - Mechanical,0.1474,"$100,000+"
12938,E7E33601365935645066A16,2014-01-24 07:20:57.793000000,Skilled Labor,0.1189,"$100,000+"
63267,3C3335028212538831CD29B,2010-12-07 20:02:47.043000000,Retail Management,0.22,"$25,000-49,999"
98169,949C3574634520027633554,2013-04-05 08:47:22.097000000,Teacher,0.1899,"$25,000-49,999"
30196,33263600635385581A4C5A6,2014-02-02 08:58:18.693000000,Sales - Commission,0.2694,"$75,000-99,999"
76604,8C33354391600778988EB14,2012-04-14 13:26:18.417000000,Professional,0.2489,"$75,000-99,999"
77078,651A3414418855137927313,2008-03-01 10:15:05.420000000,Chemist,0.089,"$25,000-49,999"
6218,085C3589998498267FA882C,2013-09-19 08:52:32.210000000,Professional,0.0766,"$75,000-99,999"
82383,5A78359574055603023FAC5,2013-11-25 15:15:26.907000000,,0.285,"$1-24,999"
108730,54B53523838016498D3DA2C,2011-08-11 07:02:51.683000000,Professional,0.2499,"$1-24,999"
28845,708E35126132018053A2795,2011-04-02 17:56:40.117000000,Civil Service,0.1699,"$25,000-49,999"
42776,B99E3519769717016641032,2011-07-13 04:05:47.097000000,Other,0.2699,"$50,000-74,999"
66345,F7653563877783962A8E822,2012-11-15 18:52:23.317000000,Tradesman - Mechanic,0.1173,"$50,000-74,999"
77160,C57234006154032074B55B9,2007-10-03 08:39:40.597000000,Executive,0.1975,"$50,000-74,999"
84486,6DD8343001892511224C26A,2008-08-20 16:37:34.723000000,Administrative Assistant,0.28,"$25,000-49,999"
68442,F1403522716429396FB337E,2011-07-26 15:19:36.093000000,Other,0.3125,"$50,000-74,999"
20976,6632359709308520833A7F1,2013-12-07 08:45:00.213000000,Other,0.1795,"$100,000+"
48912,A37B34198274171154AB55C,2008-05-05 07:13:10.823000000,Accountant/CPA,0.1993,"$50,000-74,999"
37824,DB383470744711257D42E68,2009-12-07 08:47:02.103000000,Sales - Retail,0.2455,"$1-24,999"
57898,ACC93523710662500790027,2011-08-09 19:50:42.017000000,Executive,0.3099,"$50,000-74,999"
32372,82E234184254913163FE69F,2008-04-23 14:38:54.933000000,Analyst,0.0945,"$50,000-74,999"
10917,045C35940688176569C2C13,2013-11-18 19:25:26.130000000,Other,0.176,"$1-24,999"
46339,41EF35412874306074E0AA3,2012-03-08 16:36:56.430000000,Fireman,0.0961,"$100,000+"
105972,CE1D3476588038428054BEE,2010-02-27 08:24:54.727000000,Other,0.35,"$50,000-74,999"
79443,1C4F3553943764662290676,2012-07-30 17:04:58.473000000,Sales - Retail,0.2433,"$25,000-49,999"
20697,46AC353157262824759B41C,2011-11-11 09:23:32.520000000,Engineer - Mechanical,0.2574,"$75,000-99,999"
31084,156B3365591593953EB1AA1,2006-07-15 14:10:34.543000000,Food Service,0.2875,Not displayed
47748,527535514751432911D564B,2012-06-28 19:45:28.717000000,Sales - Commission,0.3177,"$100,000+"
97822,73713594539045606318643,2013-11-26 10:27:12.373000000,Professional,0.1685,"$25,000-49,999"
18537,15A035439548969890B1AEB,2012-04-13 07:03:28.143000000,Police Officer/Correction Officer,0.2085,"$25,000-49,999"
7253,997F35640453927990D17C7,2012-11-26 09:08:51.187000000,Other,0.2827,"$50,000-74,999"
53484,FA5A358052235969805696A,2013-06-08 21:09:25.717000000,Other,0.2259,"$50,000-74,999"
71157,834734983134183624B0274,2010-10-27 17:05:17.470000000,Military Enlisted,0.35,"$1-24,999"
65994,809D341109193986451EC7B,2008-01-20 09:42:03.950000000,Other,0.155,"$25,000-49,999"
82189,6C513583441388882775939,2013-07-17 12:56:22.610000000,Other,0.2346,"$25,000-49,999"
49039,DE8A3583666104743F6C4FA,2013-07-03 15:54:25.637000000,Retail Management,0.1099,"$75,000-99,999"
96702,AF653527517563268677D42,2011-10-08 09:37:13.243000000,Car Dealer,0.1656,"$100,000+"
54543,3C973585876779628C1C58A,2013-08-09 15:31:13.967000000,Other,0.1049,"$50,000-74,999"
81465,8F6A36009027419786FF621,2014-02-05 16:36:07.893000000,Other,0.0659,"$100,000+"
21984,B6D43588907686071D432C4,2013-09-14 11:36:13.390000000,Skilled Labor,0.1399,"$50,000-74,999"
69447,C2CC3507835822367593C7A,2011-02-13 07:00:38.180000000,Other,0.2699,"$25,000-49,999"
64350,8F0C35935617130373CFDF3,2013-11-01 14:52:10.597000000,Nurse (RN),0.2225,"$50,000-74,999"
65514,E96C3596291597047D7D2BC,2013-11-24 06:01:55.157000000,Teacher,0.197,"$25,000-49,999"
5955,95223597458852295954775,2013-12-17 00:22:10.907000000,Professional,0.1655,"$50,000-74,999"
58475,230D3576546172376B0EE70,2013-04-25 12:41:11.730000000,Other,0.3134,"$1-24,999"
18744,F63E3519240336417C73E4F,2011-06-20 08:39:49.423000000,Teacher,0.2699,"$50,000-74,999"
52948,91FB359647903431673E701,2013-12-12 13:22:39.650000000,Engineer - Mechanical,0.197,"$75,000-99,999"
58881,FEA23602147022623DD0D3B,2014-02-05 15:30:24.943000000,Other,0.285,"$25,000-49,999"
21333,17133535785993327EC44AA,2011-12-28 07:04:33.737000000,Other,0.2705,"$25,000-49,999"
6756,086835598557891853317F9,2012-09-27 16:29:33.827000000,Skilled Labor,0.2449,"$75,000-99,999"
104927,7EDF360106411460224A966,2014-02-03 09:47:53.140000000,Professional,0.1189,"$100,000+"
72604,3C8F359800176489301E28A,2014-01-01 18:43:47.407000000,Other,0.1875,"$75,000-99,999"
109265,A13734082090515861E2687,2007-12-31 11:57:01.693000000,Professional,0.1239,"$75,000-99,999"
55032,2262352444343374091C527,2011-08-31 07:54:55.883000000,Other,0.2499,Not employed
14048,9ADC34893435078437D2199,2010-07-09 16:43:24.467000000,Teacher,0.324,"$75,000-99,999"
13384,0F4133959665480202175C4,2007-07-24 08:51:00.027000000,Administrative Assistant,0.26,"$1-24,999"
52947,91FB348850511472511F093,2010-07-13 10:53:05.457000000,Laborer,0.092,"$1-24,999"
94954,28E53466101070737FCE24B,2009-10-30 16:34:51.293000000,Teacher,0.1035,"$25,000-49,999"
32936,DAC13520323177618A66D59,2011-07-22 02:06:19.837000000,Other,0.2199,"$50,000-74,999"
7626,CD8F33831238642004B8A9A,2007-02-22 10:28:38.543000000,Executive,0.164,"$100,000+"
322,30D935507405002019AB141,2012-06-13 14:28:36.033000000,Analyst,0.0964,"$100,000+"
111053,7AED3539722847054EB819F,2012-03-01 10:43:56.827000000,Food Service,0.1874,"$50,000-74,999"
70570,78A735954611675155710E3,2013-11-20 11:25:33.697000000,Truck Driver,0.198,"$50,000-74,999"
54247,449A35517573699754C7B85,2012-07-03 08:05:40.207000000,Accountant/CPA,0.3304,"$1-24,999"
45713,AF3C3598152028335CA084E,2013-12-26 12:06:28.173000000,Clerical,0.184,"$50,000-74,999"
104106,ACCF3383181686635C2CB42,2007-03-09 08:32:21.217000000,Professional,0.09,"$50,000-74,999"
52938,1DE935736949074919894EA,2013-03-14 14:53:48.200000000,Truck Driver,0.1774,"$75,000-99,999"
55735,1FC73582450127792809674,2013-06-18 08:22:53.363000000,Nurse (RN),0.2566,"$50,000-74,999"
29259,471235919944081883AB827,2013-10-11 07:17:45.747000000,Professional,0.2699,"$50,000-74,999"
28976,BB4D35987016190727720D7,2013-12-26 13:08:23.003000000,Computer Programmer,0.1239,"$50,000-74,999"
49513,E751355168930283831E94D,2012-07-09 15:49:38.257000000,Accountant/CPA,0.222,"$75,000-99,999"
67981,DAD233777635960101F3A07,2006-12-31 11:25:35.400000000,Professional,0.0699,Not displayed
77563,56463390691874698073D71,2007-06-10 19:37:38.463000000,Other,0.09,"$50,000-74,999"
78201,196D359746598463162220F,2013-12-17 10:40:18.960000000,Attorney,0.1685,"$100,000+"
14717,9A8533894695740157D0989,2007-05-19 02:46:25.217000000,Student - College Senior,0.182,Not displayed
23733,B5C73402115114923947627,2007-10-17 13:12:59.437000000,Computer Programmer,0.23,"$25,000-49,999"
81746,5F4435959610177635EE5E8,2013-12-09 09:56:41.097000000,Civil Service,0.285,"$25,000-49,999"
61900,4E9B34897255165220EFE62,2010-07-31 22:05:02.383000000,Clerical,0.1515,"$25,000-49,999"
60823,AF613469832631423C6785E,2009-12-03 06:38:01.053000000,Other,0.274,"$25,000-49,999"
20990,042B336545442159133CE43,2006-07-27 17:09:22.863000000,Other,0.03,Not displayed
14856,1206357550616572455A5BD,2013-04-05 19:18:25.260000000,Other,0.0604,"$75,000-99,999"
85741,A6D134303966694734E8B11,2008-09-09 14:56:29.797000000,Retail Management,0.162,"$25,000-49,999"
26357,2F1D3586569876887E1B09D,2013-08-21 05:36:58.137000000,Other,0.2432,"$100,000+"
56619,6B613503718000033B4247C,2010-12-22 00:38:01.423000000,Food Service,0.2199,"$1-24,999"
74998,B81C33969940095332FF4D1,2007-08-22 15:48:46.980000000,Postal Service,0.124,"$50,000-74,999"
54286,5216336564330061894FE71,2006-04-05 22:04:02.353000000,,0.1125,Not displayed
62867,3779358717907993021C484,2013-08-24 14:40:56.517000000,Other,0.1639,"$25,000-49,999"
35645,B25C33662799440039FA613,2006-08-16 07:45:47.803000000,Food Service,0.1365,Not displayed
42017,461E33905904453489D67BA,2007-05-30 17:50:37.653000000,Other,0.13,"$25,000-49,999"
111470,C93E3418845883256FC5BE3,2008-05-02 11:54:29.377000000,Professional,0.26,"$50,000-74,999"
33422,378833685028788284BBB62,2006-09-21 13:23:05.313000000,Other,0.0949,Not displayed
97737,87573387195760047899F6D,2007-05-01 11:48:31.653000000,Accountant/CPA,0.165,"$50,000-74,999"
43866,BE3D3422390946915B347E1,2008-06-04 10:27:32.483000000,Sales - Commission,0.16,"$50,000-74,999"
50458,46E03551367967832D3AF73,2012-06-30 18:10:39.497000000,Other,0.2099,"$25,000-49,999"
60705,C3683588771594249EBFB80,2013-09-16 12:32:40.613000000,Accountant/CPA,0.3134,"$50,000-74,999"
25385,99D93532099832420492339,2011-11-28 10:42:25.040000000,Analyst,0.0565,"$75,000-99,999"
73640,8BEB3563331294831DFB039,2012-11-06 15:40:17.317000000,Other,0.2333,"$75,000-99,999"
968,024C359581837625487637B,2013-12-07 09:12:28.103000000,Tradesman - Mechanic,0.1355,"$50,000-74,999"
11448,9EAE3587220261692CD4830,2013-08-11 13:38:41.797000000,Other,0.1819,"$50,000-74,999"
23451,9B7A3553151576692E2BAB6,2012-07-27 11:12:24.707000000,Sales - Retail,0.2867,"$50,000-74,999"
49002,39953485643853797A87DA4,2010-06-07 19:30:47.067000000,Clerical,0.2625,"$1-24,999"
108133,24263505974197434247C5B,2011-01-22 15:51:54.717000000,Food Service Management,0.2699,"$25,000-49,999"
81180,4ED33580614836250EA7897,2013-06-15 20:03:25.867000000,Professional,0.1334,"$100,000+"
60624,BEB13467415130119C51487,2009-11-08 15:35:30.583000000,Professional,0.0674,"$25,000-49,999"
89409,3CF934166504341984DD4BA,2008-03-19 14:39:01.987000000,Sales - Commission,0.2125,"$25,000-49,999"
46286,51C333802059115296972BF,2007-02-05 22:03:45.443000000,Attorney,0.141,Not displayed
16631,61DA3550545787009E3E67E,2012-06-25 17:39:49.350000000,Laborer,0.2148,"$25,000-49,999"
104153,98A4342907306837517BFEB,2008-08-11 13:40:30.450000000,Other,0.35,"$100,000+"
15876,71EE35555676089988CBA8A,2012-08-31 08:48:55.877000000,Other,0.3177,"$75,000-99,999"
2983,056B3590820027821984FF8,2013-10-10 15:43:20.880000000,Principal,0.1299,"$100,000+"
24992,BEF734806240395883F5629,2010-04-03 19:41:52.027000000,Tradesman - Electrician,0.2725,"$50,000-74,999"
41594,DADA3604161070964CFEFE5,2014-02-25 14:46:51.870000000,Administrative Assistant,0.1029,"$50,000-74,999"
15370,082A3596171993453296532,2013-12-03 05:55:25.040000000,Other,0.1795,"$75,000-99,999"
37052,39D235553532344152950ED,2012-08-17 08:05:06.017000000,Accountant/CPA,0.3177,"$25,000-49,999"
477,00EE3552610822090D973B0,2012-07-24 04:09:36.213000000,Other,0.3057,"$50,000-74,999"
14421,D9D6337323981415206A01D,2006-11-07 19:41:14.283000000,Student - College Sophomore,0.07,Not displayed
41778,149D35107298404207CD561,2011-03-29 21:49:58.937000000,Executive,0.3199,"$100,000+"
15750,5E0F3565178362005519A4E,2012-12-08 05:34:25.993000000,Military Enlisted,0.1679,"$50,000-74,999"
3141,0D2C3577681202064BE7582,2013-05-06 13:14:51.210000000,Clerical,0.2359,"$25,000-49,999"
107672,DD2E3409309231661132A4D,2008-01-09 13:16:35.140000000,Professor,0.33,"$75,000-99,999"
89904,BF8C3547363600014BDDC84,2012-05-14 16:16:29.773000000,Other,0.3177,"$50,000-74,999"
75083,823533826657063778F8461,2007-02-16 12:14:07.500000000,Social Worker,0.16,"$25,000-49,999"
6227,08D735982558949599444E0,2013-12-26 08:31:11.600000000,Other,0.2474,"$50,000-74,999"
98958,256F359480422014529E12F,2013-11-11 15:27:42.210000000,Laborer,0.2085,"$25,000-49,999"
22010,9F9935993152420146108C7,2013-12-31 18:28:20.263000000,Skilled Labor,0.1274,"$25,000-49,999"
15379,9CF0359452214785419E467,2013-11-10 19:46:15.587000000,Teacher,0.152,"$50,000-74,999"
86753,6F7F3574169573308B1879D,2013-03-14 09:21:38.580000000,Administrative Assistant,0.1824,"$75,000-99,999"
87608,454A3593231178986B1C43D,2013-11-04 14:10:57.650000000,Nurse (RN),0.187,"$100,000+"
95688,B599359919987037535C509,2014-01-05 17:35:18.800000000,Computer Programmer,0.162,"$75,000-99,999"
10367,49C53557499296609A82BFE,2012-09-19 11:33:20.980000000,Computer Programmer,0.1679,"$100,000+"
106767,96BE3544896283713DB0274,2012-04-24 08:38:45.863000000,Pharmacist,0.1768,"$100,000+"
64759,CB80337265888638877A15A,2006-10-24 18:15:56.537000000,Clerical,0.17,Not displayed
74142,40C33522048317932CC0EC9,2011-08-09 13:32:10.720000000,Construction,0.3199,"$50,000-74,999"
47754,52923494494924817037E6D,2010-09-14 15:03:22.690000000,Homemaker,0.35,"$75,000-99,999"
8078,59AC3603351259778F79076,2014-02-21 14:16:48.947000000,Sales - Retail,0.1139,"$25,000-49,999"
47569,92F235519800385070BB9ED,2012-07-02 06:20:37.103000000,Other,0.1469,"$75,000-99,999"
74791,830D359883580688673DFAE,2014-01-06 17:08:15.773000000,Accountant/CPA,0.1189,"$50,000-74,999"
51158,69A23413206756749FEFD91,2008-02-07 20:49:10.793000000,Other,0.095,"$75,000-99,999"
87928,67253569115162118E9F8B0,2013-01-17 15:25:25.977000000,Retail Management,0.2124,"$75,000-99,999"
89720,F7ED3542880559479763DFF,2012-03-21 06:34:09.297000000,Computer Programmer,0.3177,"$50,000-74,999"
65108,5E0C36004067054846257B5,2014-01-09 15:06:35.303000000,,0.1274,"$100,000+"
36678,04D13515484921230BB374A,2011-05-21 02:16:15.560000000,Nurse (RN),0.0899,"$100,000+"
98349,2F7136023585093766A1330,2014-02-19 15:41:20.183000000,Other,0.194,"$75,000-99,999"
35055,3ED53418073663941E53E4C,2008-04-22 20:20:17.663000000,Tradesman - Electrician,0.099,"$100,000+"
104720,851C357995144212520E281,2013-05-24 09:07:09.640000000,Executive,0.1299,"$100,000+"
47802,E63A3599761876341F20888,2014-01-04 09:55:06.463000000,Other,0.0716,"$25,000-49,999"
82512,3D503428538374454A9084E,2008-08-16 09:56:46.767000000,Computer Programmer,0.16,"$50,000-74,999"
20985,03F03510182596707723CF7,2011-03-15 07:23:38.237000000,Teacher's Aide,0.3199,"$25,000-49,999"
16208,66743589371288723E27359,2013-09-17 14:15:20.523000000,Chemist,0.2085,"$50,000-74,999"
100047,D91734655108328315DB2F3,2009-10-11 15:49:32.287000000,Retail Management,0.104,"$25,000-49,999"
110330,288D35980610565777A1F6E,2013-12-13 16:36:38.677000000,Other,0.162,"$100,000+"
98243,B1A93478966852917BE30DF,2010-03-26 13:02:53.553000000,Retail Management,0.093,"$25,000-49,999"
64082,20173457198613400B25931,2009-07-14 15:17:09.697000000,Sales - Commission,0.0919,"$75,000-99,999"
62889,0DAC3603163684531D2F1D4,2014-03-05 18:07:43.630000000,Professional,0.098,"$100,000+"
54522,83593458326543655836187,2009-07-19 10:07:08.703000000,Other,0.1999,"$50,000-74,999"
110824,D4033404945348142F2FD53,2007-11-14 06:55:04.927000000,Student - College Junior,0.0999,"$1-24,999"
112267,D7BF356003791870140C454,2012-10-17 07:28:06.747000000,Other,0.1421,"$50,000-74,999"
47775,93683547617503554318893,2012-05-25 13:11:48.827000000,Other,0.1902,"$25,000-49,999"
7929,A4543540220956236AE9970,2012-02-29 06:20:18.313000000,Accountant/CPA,0.2999,"$75,000-99,999"
79952,57733543296731851812B6C,2012-03-29 16:12:09.600000000,Retail Management,0.2049,"$25,000-49,999"
52193,724F3527665638595A07687,2011-10-10 09:01:39.087000000,Other,0.2599,"$50,000-74,999"
44499,F70D35889577271652DE687,2013-09-16 10:17:43.813000000,Professional,0.3134,"$50,000-74,999"
8432,80A3355747714930129FC60,2012-09-22 06:53:43,Professional,0.1774,"$75,000-99,999"
15330,AFD535143437393216E9F4D,2011-04-27 09:22:51.920000000,Other,0.2899,"$25,000-49,999"
43511,681735897770127804F5CEF,2013-09-17 10:53:39.673000000,Waiter/Waitress,0.2925,"$25,000-49,999"
83874,1FE33558063646222A9458F,2012-09-17 08:50:40.827000000,Accountant/CPA,0.0974,"$50,000-74,999"
10743,16943492665962670512087,2010-08-24 06:06:23.317000000,Administrative Assistant,0.1415,"$25,000-49,999"
21412,03693381882848361D7411E,2007-02-28 22:38:49.363000000,Professional,0.24,"$100,000+"
57837,5D1D35203510891287C087D,2011-07-08 12:14:14.170000000,Administrative Assistant,0.3199,"$25,000-49,999"
112995,E7C9350015043300813155C,2010-11-16 18:32:27.037000000,Teacher,0.13,"$25,000-49,999"
88311,5E203591947137952FBBA74,2013-10-04 16:14:47.763000000,Accountant/CPA,0.184,"$75,000-99,999"
104316,861835939698489416C5FFB,2013-11-06 08:55:21.607000000,Executive,0.1139,"$50,000-74,999"
1140,2E68359954936233910DC3F,2014-01-07 20:09:38.937000000,,0.1585,"$25,000-49,999"
46795,33A7349973836570379BF7D,2010-11-15 19:29:37.233000000,Other,0.13,"$25,000-49,999"
33860,B4B63372748119564A22415,2006-11-01 15:39:35.033000000,Computer Programmer,0.11,Not displayed
107222,767B356560305407764DE91,2012-12-17 10:34:06.947000000,Computer Programmer,0.0735,"$50,000-74,999"
7797,8A1D36032897911727756EB,2014-02-28 20:29:37.463000000,Professional,0.1605,"$100,000+"
34383,7B2A35540618892986505B9,2012-08-13 11:50:39.363000000,Clerical,0.2362,"$25,000-49,999"
31252,9B293519555713486831F46,2011-07-06 22:57:05.007000000,Clerical,0.2699,"$1-24,999"
